{"0": {"precision": 0.7183908045977011, "recall": 0.628140703517588, "f1-score": 0.6702412868632708, "support": 199}, "1": {"precision": 0.8181818181818182, "recall": 0.8717277486910995, "f1-score": 0.8441064638783271, "support": 382}, "micro avg": {"precision": 0.7882960413080895, "recall": 0.7882960413080895, "f1-score": 0.7882960413080895, "support": 581}, "macro avg": {"precision": 0.7682863113897597, "recall": 0.7499342261043438, "f1-score": 0.7571738753707989, "support": 581}, "weighted avg": {"precision": 0.7840021078492204, "recall": 0.7882960413080895, "f1-score": 0.7845553963637036, "support": 581}, "kappa": 0.5153769471250025}