{"0": {"precision": 0.6190476190476191, "recall": 0.4262295081967213, "f1-score": 0.5048543689320388, "support": 183}, "1": {"precision": 0.7702407002188184, "recall": 0.88, "f1-score": 0.8214702450408402, "support": 400}, "micro avg": {"precision": 0.7375643224699828, "recall": 0.7375643224699828, "f1-score": 0.7375643224699828, "support": 583}, "macro avg": {"precision": 0.6946441596332187, "recall": 0.6531147540983606, "f1-score": 0.6631623069864395, "support": 583}, "weighted avg": {"precision": 0.7227821515836048, "recall": 0.7375643224699828, "f1-score": 0.7220865309277859, "support": 583}, "kappa": 0.3344897822145624}