{"0": {"precision": 0.7105263157894737, "recall": 0.40703517587939697, "f1-score": 0.5175718849840255, "support": 199}, "1": {"precision": 0.7473233404710921, "recall": 0.9136125654450262, "f1-score": 0.8221436984687868, "support": 382}, "micro avg": {"precision": 0.7401032702237521, "recall": 0.7401032702237521, "f1-score": 0.740103270223752, "support": 581}, "macro avg": {"precision": 0.7289248281302829, "recall": 0.6603238706622117, "f1-score": 0.6698577917264061, "support": 581}, "weighted avg": {"precision": 0.7347198845130162, "recall": 0.7401032702237521, "f1-score": 0.7178239207003401, "support": 581}, "kappa": 0.3571925762560356}