{"0": {"precision": 0.8097686375321337, "recall": 0.7974683544303798, "f1-score": 0.8035714285714287, "support": 395}, "1": {"precision": 0.5876288659793815, "recall": 0.6063829787234043, "f1-score": 0.5968586387434556, "support": 188}, "micro avg": {"precision": 0.7358490566037735, "recall": 0.7358490566037735, "f1-score": 0.7358490566037735, "support": 583}, "macro avg": {"precision": 0.6986987517557576, "recall": 0.701925666576892, "f1-score": 0.7002150336574422, "support": 583}, "weighted avg": {"precision": 0.7381352292098053, "recall": 0.7358490566037735, "f1-score": 0.7369127587812762, "support": 583}, "kappa": 0.4005021300463403}