{"0": {"precision": 0.7344173441734417, "recall": 0.7787356321839081, "f1-score": 0.7559274755927475, "support": 348}, "1": {"precision": 0.6401869158878505, "recall": 0.5829787234042553, "f1-score": 0.6102449888641426, "support": 235}, "micro avg": {"precision": 0.6998284734133791, "recall": 0.6998284734133791, "f1-score": 0.6998284734133791, "support": 583}, "macro avg": {"precision": 0.6873021300306461, "recall": 0.6808571777940817, "f1-score": 0.683086232228445, "support": 583}, "weighted avg": {"precision": 0.6964342384322514, "recall": 0.6998284734133791, "f1-score": 0.6972046893470835, "support": 583}, "kappa": 0.36703952552004815}