{"0": {"precision": 0.5584415584415584, "recall": 0.46994535519125685, "f1-score": 0.510385756676558, "support": 183}, "1": {"precision": 0.7738927738927739, "recall": 0.83, "f1-score": 0.8009650180940892, "support": 400}, "micro avg": {"precision": 0.7169811320754716, "recall": 0.7169811320754716, "f1-score": 0.7169811320754716, "support": 583}, "macro avg": {"precision": 0.6661671661671662, "recall": 0.6499726775956284, "f1-score": 0.6556753873853236, "support": 583}, "weighted avg": {"precision": 0.7062640047202655, "recall": 0.7169811320754716, "f1-score": 0.7097540320916738, "support": 583}, "kappa": 0.313417602261129}