{"0": {"precision": 0.8141361256544503, "recall": 0.7873417721518987, "f1-score": 0.8005148005148005, "support": 395}, "1": {"precision": 0.582089552238806, "recall": 0.6223404255319149, "f1-score": 0.6015424164524421, "support": 188}, "micro avg": {"precision": 0.7341337907375644, "recall": 0.7341337907375644, "f1-score": 0.7341337907375644, "support": 583}, "macro avg": {"precision": 0.6981128389466281, "recall": 0.7048410988419068, "f1-score": 0.7010286084836213, "support": 583}, "weighted avg": {"precision": 0.739308071105323, "recall": 0.7341337907375644, "f1-score": 0.7363521792391172, "support": 583}, "kappa": 0.40239136041690093}