{"0": {"precision": 0.7065868263473054, "recall": 0.592964824120603, "f1-score": 0.6448087431693988, "support": 199}, "1": {"precision": 0.8043478260869565, "recall": 0.8717277486910995, "f1-score": 0.8366834170854272, "support": 382}, "micro avg": {"precision": 0.7762478485370051, "recall": 0.7762478485370051, "f1-score": 0.7762478485370051, "support": 581}, "macro avg": {"precision": 0.755467326217131, "recall": 0.7323462864058512, "f1-score": 0.740746080127413, "support": 581}, "weighted avg": {"precision": 0.7708634217010862, "recall": 0.7762478485370051, "f1-score": 0.7709638644016239, "support": 581}, "kappa": 0.48330825010261325}