{"0": {"precision": 0.9161554192229039, "recall": 0.919917864476386, "f1-score": 0.9180327868852459, "support": 487}, "1": {"precision": 0.5851063829787234, "recall": 0.5729166666666666, "f1-score": 0.5789473684210527, "support": 96}, "micro avg": {"precision": 0.8627787307032591, "recall": 0.8627787307032591, "f1-score": 0.8627787307032591, "support": 583}, "macro avg": {"precision": 0.7506309011008137, "recall": 0.7464172655715263, "f1-score": 0.7484900776531493, "support": 583}, "weighted avg": {"precision": 0.8616430564794368, "recall": 0.8627787307032591, "f1-score": 0.8621971090592381, "support": 583}, "kappa": 0.4969910053708936}