{"0": {"precision": 0.8353344768439108, "recall": 1.0, "f1-score": 0.9102803738317757, "support": 487}, "1": {"precision": 0.0, "recall": 0.0, "f1-score": 0.0, "support": 96}, "micro avg": {"precision": 0.8353344768439108, "recall": 0.8353344768439108, "f1-score": 0.8353344768439108, "support": 583}, "macro avg": {"precision": 0.4176672384219554, "recall": 0.5, "f1-score": 0.45514018691588787, "support": 583}, "weighted avg": {"precision": 0.6977836882040901, "recall": 0.8353344768439108, "f1-score": 0.7603885798560459, "support": 583}, "kappa": 0.0}