{"0": {"precision": 0.98989898989899, "recall": 0.49246231155778897, "f1-score": 0.6577181208053692, "support": 199}, "1": {"precision": 0.7904564315352697, "recall": 0.9973821989528796, "f1-score": 0.8819444444444444, "support": 382}, "micro avg": {"precision": 0.8244406196213425, "recall": 0.8244406196213425, "f1-score": 0.8244406196213425, "support": 581}, "macro avg": {"precision": 0.8901777107171298, "recall": 0.7449222552553343, "f1-score": 0.7698312826249067, "support": 581}, "weighted avg": {"precision": 0.8587680823345474, "recall": 0.8244406196213425, "f1-score": 0.8051440341102345, "support": 581}, "kappa": 0.5568732428067238}