{"0": {"precision": 0.5905511811023622, "recall": 0.4098360655737705, "f1-score": 0.48387096774193544, "support": 183}, "1": {"precision": 0.7631578947368421, "recall": 0.87, "f1-score": 0.8130841121495327, "support": 400}, "micro avg": {"precision": 0.725557461406518, "recall": 0.725557461406518, "f1-score": 0.725557461406518, "support": 583}, "macro avg": {"precision": 0.6768545379196022, "recall": 0.6399180327868852, "f1-score": 0.6484775399457341, "support": 583}, "weighted avg": {"precision": 0.7089777427726743, "recall": 0.725557461406518, "f1-score": 0.7097461954658444, "support": 583}, "kappa": 0.3051665574161253}