{"0": {"precision": 0.2631578947368421, "recall": 0.05025125628140704, "f1-score": 0.08438818565400845, "support": 199}, "1": {"precision": 0.6519337016574586, "recall": 0.9267015706806283, "f1-score": 0.7654054054054054, "support": 382}, "micro avg": {"precision": 0.6265060240963856, "recall": 0.6265060240963856, "f1-score": 0.6265060240963856, "support": 581}, "macro avg": {"precision": 0.45754579819715036, "recall": 0.48847641348101767, "f1-score": 0.4248967955297069, "support": 581}, "weighted avg": {"precision": 0.5187729691665761, "recall": 0.6265060240963856, "f1-score": 0.5321482165404691, "support": 581}, "kappa": -0.028587046086821832}