{"0": {"precision": 0.8929961089494164, "recall": 0.9425051334702259, "f1-score": 0.917082917082917, "support": 487}, "1": {"precision": 0.5942028985507246, "recall": 0.4270833333333333, "f1-score": 0.496969696969697, "support": 96}, "micro avg": {"precision": 0.8576329331046312, "recall": 0.8576329331046312, "f1-score": 0.8576329331046312, "support": 583}, "macro avg": {"precision": 0.7435995037500704, "recall": 0.6847942334017796, "f1-score": 0.707026307026307, "support": 583}, "weighted avg": {"precision": 0.8437951686436284, "recall": 0.8576329331046312, "f1-score": 0.8479047539081843, "support": 583}, "kappa": 0.41662748502055535}