{"0": {"precision": 0.6, "recall": 0.4262295081967213, "f1-score": 0.49840255591054317, "support": 183}, "1": {"precision": 0.7682119205298014, "recall": 0.87, "f1-score": 0.8159437280187573, "support": 400}, "micro avg": {"precision": 0.7307032590051458, "recall": 0.7307032590051458, "f1-score": 0.7307032590051458, "support": 583}, "macro avg": {"precision": 0.6841059602649007, "recall": 0.6481147540983606, "f1-score": 0.6571731419646503, "support": 583}, "weighted avg": {"precision": 0.7154112662297094, "recall": 0.7307032590051458, "f1-score": 0.7162695693638632, "support": 583}, "kappa": 0.3214849628240388}