{"0": {"precision": 0.8098159509202454, "recall": 0.6633165829145728, "f1-score": 0.7292817679558011, "support": 199}, "1": {"precision": 0.8397129186602871, "recall": 0.918848167539267, "f1-score": 0.8775000000000001, "support": 382}, "micro avg": {"precision": 0.8313253012048193, "recall": 0.8313253012048193, "f1-score": 0.8313253012048193, "support": 581}, "macro avg": {"precision": 0.8247644347902663, "recall": 0.7910823752269199, "f1-score": 0.8033908839779006, "support": 581}, "weighted avg": {"precision": 0.8294728212760043, "recall": 0.8313253012048193, "f1-score": 0.8267333422086136, "support": 581}, "kappa": 0.6085336340135306}