{"0": {"precision": 0.7797101449275362, "recall": 0.7729885057471264, "f1-score": 0.7763347763347763, "support": 348}, "1": {"precision": 0.6680672268907563, "recall": 0.676595744680851, "f1-score": 0.6723044397463003, "support": 235}, "micro avg": {"precision": 0.7341337907375644, "recall": 0.7341337907375644, "f1-score": 0.7341337907375644, "support": 583}, "macro avg": {"precision": 0.7238886859091462, "recall": 0.7247921252139887, "f1-score": 0.7243196080405383, "support": 583}, "weighted avg": {"precision": 0.7347082825971017, "recall": 0.7341337907375644, "f1-score": 0.7344014502656651, "support": 583}, "kappa": 0.4486543542059439}