{"0": {"precision": 0.8877374784110535, "recall": 0.9980582524271845, "f1-score": 0.9396709323583181, "support": 515}, "1": {"precision": 0.75, "recall": 0.04411764705882353, "f1-score": 0.08333333333333334, "support": 68}, "micro avg": {"precision": 0.8867924528301887, "recall": 0.8867924528301887, "f1-score": 0.8867924528301887, "support": 583}, "macro avg": {"precision": 0.8188687392055267, "recall": 0.521087949743004, "f1-score": 0.5115021328458257, "support": 583}, "weighted avg": {"precision": 0.8716720435363509, "recall": 0.8867924528301887, "f1-score": 0.8397893599162959, "support": 583}, "kappa": 0.07129754778914843}