{"0": {"precision": 0.7737556561085973, "recall": 0.8658227848101265, "f1-score": 0.8172043010752688, "support": 395}, "1": {"precision": 0.624113475177305, "recall": 0.46808510638297873, "f1-score": 0.5349544072948328, "support": 188}, "micro avg": {"precision": 0.7375643224699828, "recall": 0.7375643224699828, "f1-score": 0.7375643224699828, "support": 583}, "macro avg": {"precision": 0.6989345656429511, "recall": 0.6669539455965526, "f1-score": 0.6760793541850507, "support": 583}, "weighted avg": {"precision": 0.7255005445904448, "recall": 0.7375643224699828, "f1-score": 0.7261871826692277, "support": 583}, "kappa": 0.3573142350728794}