{"0": {"precision": 0.5454545454545454, "recall": 0.5125628140703518, "f1-score": 0.5284974093264249, "support": 199}, "1": {"precision": 0.7538071065989848, "recall": 0.7774869109947644, "f1-score": 0.7654639175257733, "support": 382}, "micro avg": {"precision": 0.6867469879518072, "recall": 0.6867469879518072, "f1-score": 0.6867469879518072, "support": 581}, "macro avg": {"precision": 0.6496308260267651, "recall": 0.6450248625325581, "f1-score": 0.6469806634260991, "support": 581}, "weighted avg": {"precision": 0.6824436648300632, "recall": 0.6867469879518072, "f1-score": 0.684299829519456, "support": 581}, "kappa": 0.2943005872931126}