{"0": {"precision": 0.796875, "recall": 0.9935064935064936, "f1-score": 0.8843930635838151, "support": 462}, "1": {"precision": 0.5714285714285714, "recall": 0.03305785123966942, "f1-score": 0.0625, "support": 121}, "micro avg": {"precision": 0.7941680960548885, "recall": 0.7941680960548885, "f1-score": 0.7941680960548885, "support": 583}, "macro avg": {"precision": 0.6841517857142857, "recall": 0.5132821723730815, "f1-score": 0.47344653179190754, "support": 583}, "weighted avg": {"precision": 0.7500842318059299, "recall": 0.7941680960548885, "f1-score": 0.7138114843494384, "support": 583}, "kappa": 0.040723981900452566}