{"0": {"precision": 0.7483296213808464, "recall": 0.850632911392405, "f1-score": 0.7962085308056871, "support": 395}, "1": {"precision": 0.5597014925373134, "recall": 0.39893617021276595, "f1-score": 0.4658385093167702, "support": 188}, "micro avg": {"precision": 0.7049742710120068, "recall": 0.7049742710120068, "f1-score": 0.7049742710120068, "support": 583}, "macro avg": {"precision": 0.6540155569590799, "recall": 0.6247845408025855, "f1-score": 0.6310235200612286, "support": 583}, "weighted avg": {"precision": 0.6875027119081462, "recall": 0.7049742710120068, "f1-score": 0.6896741156428803, "support": 583}, "kappa": 0.2698810269254853}