{"0": {"precision": 0.7823529411764706, "recall": 0.6683417085427136, "f1-score": 0.7208672086720868, "support": 199}, "1": {"precision": 0.8394160583941606, "recall": 0.9031413612565445, "f1-score": 0.8701134930643128, "support": 382}, "micro avg": {"precision": 0.8227194492254734, "recall": 0.8227194492254734, "f1-score": 0.8227194492254734, "support": 581}, "macro avg": {"precision": 0.8108844997853155, "recall": 0.7857415348996291, "f1-score": 0.7954903508681999, "support": 581}, "weighted avg": {"precision": 0.8198712041319913, "recall": 0.8227194492254734, "f1-score": 0.8189947140728275, "support": 581}, "kappa": 0.5921528804803413}