{"0": {"precision": 0.8123167155425219, "recall": 0.7959770114942529, "f1-score": 0.8040638606676342, "support": 348}, "1": {"precision": 0.7066115702479339, "recall": 0.7276595744680852, "f1-score": 0.7169811320754718, "support": 235}, "micro avg": {"precision": 0.7684391080617495, "recall": 0.7684391080617495, "f1-score": 0.7684391080617495, "support": 583}, "macro avg": {"precision": 0.7594641428952279, "recall": 0.761818292981169, "f1-score": 0.760522496371553, "support": 583}, "weighted avg": {"precision": 0.769708295054995, "recall": 0.7684391080617495, "f1-score": 0.7689619031733663, "support": 583}, "kappa": 0.5211163911384781}