{"0": {"precision": 0.6804835924006909, "recall": 0.9974683544303797, "f1-score": 0.8090349075975359, "support": 395}, "1": {"precision": 0.75, "recall": 0.015957446808510637, "f1-score": 0.03125, "support": 188}, "micro avg": {"precision": 0.6809605488850772, "recall": 0.6809605488850772, "f1-score": 0.6809605488850772, "support": 583}, "macro avg": {"precision": 0.7152417962003454, "recall": 0.5067129006194452, "f1-score": 0.42014245379876797, "support": 583}, "weighted avg": {"precision": 0.7029005471668488, "recall": 0.6809605488850772, "f1-score": 0.5582226217856375, "support": 583}, "kappa": 0.01805636047522441}