{"0": {"precision": 0.6997167138810199, "recall": 0.8045602605863192, "f1-score": 0.7484848484848484, "support": 307}, "1": {"precision": 0.5828571428571429, "recall": 0.6107784431137725, "f1-score": 0.5964912280701755, "support": 167}, "2": {"precision": 0.26666666666666666, "recall": 0.11594202898550725, "f1-score": 0.1616161616161616, "support": 69}, "3": {"precision": 0.5, "recall": 0.2857142857142857, "f1-score": 0.36363636363636365, "support": 35}, "micro avg": {"precision": 0.6349480968858131, "recall": 0.6349480968858131, "f1-score": 0.6349480968858131, "support": 578}, "macro avg": {"precision": 0.5123101308512074, "recall": 0.45424875459997116, "f1-score": 0.4675571504518873, "support": 578}, "weighted avg": {"precision": 0.6021629308280553, "recall": 0.6349480968858131, "f1-score": 0.6112070440334874, "support": 578}, "kappa": 0.3704353751329251}