{"0": {"precision": 0.7034883720930233, "recall": 0.7882736156351792, "f1-score": 0.7434715821812596, "support": 307}, "1": {"precision": 0.5706521739130435, "recall": 0.6287425149700598, "f1-score": 0.5982905982905983, "support": 167}, "2": {"precision": 0.22580645161290322, "recall": 0.10144927536231885, "f1-score": 0.13999999999999999, "support": 69}, "3": {"precision": 0.5263157894736842, "recall": 0.2857142857142857, "f1-score": 0.37037037037037035, "support": 35}, "micro avg": {"precision": 0.629757785467128, "recall": 0.629757785467128, "f1-score": 0.629757785467128, "support": 578}, "macro avg": {"precision": 0.5065656967731635, "recall": 0.45104492292046083, "f1-score": 0.4630331377105571, "support": 578}, "weighted avg": {"precision": 0.59735560738565, "recall": 0.629757785467128, "f1-score": 0.6068914681784422, "support": 578}, "kappa": 0.36549983585029533}