{"0": {"precision": 0.8734693877551021, "recall": 0.9264069264069265, "f1-score": 0.8991596638655462, "support": 462}, "1": {"precision": 0.6344086021505376, "recall": 0.48760330578512395, "f1-score": 0.5514018691588785, "support": 121}, "micro avg": {"precision": 0.8353344768439108, "recall": 0.8353344768439108, "f1-score": 0.8353344768439108, "support": 583}, "macro avg": {"precision": 0.7539389949528199, "recall": 0.7070051160960252, "f1-score": 0.7252807665122123, "support": 583}, "weighted avg": {"precision": 0.8238529982900038, "recall": 0.8353344768439108, "f1-score": 0.8269835177943511, "support": 583}, "kappa": 0.45266781411359724}