{"0": {"precision": 0.8719512195121951, "recall": 0.9285714285714286, "f1-score": 0.8993710691823901, "support": 462}, "1": {"precision": 0.6373626373626373, "recall": 0.4793388429752066, "f1-score": 0.5471698113207547, "support": 121}, "micro avg": {"precision": 0.8353344768439108, "recall": 0.8353344768439108, "f1-score": 0.8353344768439108, "support": 583}, "macro avg": {"precision": 0.7546569284374163, "recall": 0.7039551357733176, "f1-score": 0.7232704402515724, "support": 583}, "weighted avg": {"precision": 0.8232630232170038, "recall": 0.8353344768439108, "f1-score": 0.8262726949092205, "support": 583}, "kappa": 0.44899285250162435}