{"0": {"precision": 0.7962003454231433, "recall": 0.9978354978354979, "f1-score": 0.8856868395773294, "support": 462}, "1": {"precision": 0.75, "recall": 0.024793388429752067, "f1-score": 0.048, "support": 121}, "micro avg": {"precision": 0.7958833619210978, "recall": 0.7958833619210978, "f1-score": 0.7958833619210978, "support": 583}, "macro avg": {"precision": 0.7731001727115716, "recall": 0.511314443132625, "f1-score": 0.4668434197886647, "support": 583}, "weighted avg": {"precision": 0.7866115944862645, "recall": 0.7958833619210978, "f1-score": 0.7118273068348648, "support": 583}, "kappa": 0.03518433532201315}