{"0": {"precision": 0.8065573770491803, "recall": 0.7068965517241379, "f1-score": 0.7534456355283307, "support": 348}, "1": {"precision": 0.6330935251798561, "recall": 0.7489361702127659, "f1-score": 0.686159844054581, "support": 235}, "micro avg": {"precision": 0.7238421955403087, "recall": 0.7238421955403087, "f1-score": 0.7238421955403087, "support": 583}, "macro avg": {"precision": 0.7198254511145181, "recall": 0.7279163609684519, "f1-score": 0.7198027397914558, "support": 583}, "weighted avg": {"precision": 0.7366362703780118, "recall": 0.7238421955403087, "f1-score": 0.7263235755003185, "support": 583}, "kappa": 0.4426816451825507}