{"0": {"precision": 0.7277486910994765, "recall": 0.7988505747126436, "f1-score": 0.7616438356164383, "support": 348}, "1": {"precision": 0.6517412935323383, "recall": 0.5574468085106383, "f1-score": 0.6009174311926606, "support": 235}, "micro avg": {"precision": 0.7015437392795884, "recall": 0.7015437392795884, "f1-score": 0.7015437392795884, "support": 583}, "macro avg": {"precision": 0.6897449923159074, "recall": 0.678148691611641, "f1-score": 0.6812806334045495, "support": 583}, "weighted avg": {"precision": 0.6971110608622939, "recall": 0.7015437392795884, "f1-score": 0.6968570345193752, "support": 583}, "kappa": 0.36486807999098403}