{"0": {"precision": 0.8350515463917526, "recall": 0.997946611909651, "f1-score": 0.9092609915809169, "support": 487}, "1": {"precision": 0.0, "recall": 0.0, "f1-score": 0.0, "support": 96}, "micro avg": {"precision": 0.8336192109777015, "recall": 0.8336192109777015, "f1-score": 0.8336192109777015, "support": 583}, "macro avg": {"precision": 0.4175257731958763, "recall": 0.4989733059548255, "f1-score": 0.45463049579045844, "support": 583}, "weighted avg": {"precision": 0.6975473466428533, "recall": 0.8336192109777015, "f1-score": 0.7595370547168208, "support": 583}, "kappa": -0.0034067318440709204}