{"0": {"precision": 1.0, "recall": 0.48743718592964824, "f1-score": 0.6554054054054054, "support": 199}, "1": {"precision": 0.7892561983471075, "recall": 1.0, "f1-score": 0.8822170900692841, "support": 382}, "micro avg": {"precision": 0.8244406196213425, "recall": 0.8244406196213425, "f1-score": 0.8244406196213425, "support": 581}, "macro avg": {"precision": 0.8946280991735538, "recall": 0.7437185929648241, "f1-score": 0.7688112477373448, "support": 581}, "weighted avg": {"precision": 0.861438670858167, "recall": 0.8244406196213425, "f1-score": 0.8045311602102275, "support": 581}, "kappa": 0.5556571942715753}