{"0": {"precision": 0.872, "recall": 0.9437229437229437, "f1-score": 0.9064449064449064, "support": 462}, "1": {"precision": 0.6867469879518072, "recall": 0.47107438016528924, "f1-score": 0.5588235294117647, "support": 121}, "micro avg": {"precision": 0.8456260720411664, "recall": 0.8456260720411664, "f1-score": 0.8456260720411664, "support": 583}, "macro avg": {"precision": 0.7793734939759036, "recall": 0.7073986619441165, "f1-score": 0.7326342179283356, "support": 583}, "weighted avg": {"precision": 0.8335512616503751, "recall": 0.8456260720411664, "f1-score": 0.8342970734757639, "support": 583}, "kappa": 0.46917427108835963}