{"0": {"precision": 0.7974683544303798, "recall": 0.7974683544303798, "f1-score": 0.7974683544303798, "support": 395}, "1": {"precision": 0.574468085106383, "recall": 0.574468085106383, "f1-score": 0.574468085106383, "support": 188}, "micro avg": {"precision": 0.725557461406518, "recall": 0.725557461406518, "f1-score": 0.725557461406518, "support": 583}, "macro avg": {"precision": 0.6859682197683814, "recall": 0.6859682197683814, "f1-score": 0.6859682197683814, "support": 583}, "weighted avg": {"precision": 0.725557461406518, "recall": 0.725557461406518, "f1-score": 0.725557461406518, "support": 583}, "kappa": 0.3719364395367627}