{"0": {"precision": 0.7678571428571429, "recall": 0.8708860759493671, "f1-score": 0.8161328588374851, "support": 395}, "1": {"precision": 0.6222222222222222, "recall": 0.44680851063829785, "f1-score": 0.520123839009288, "support": 188}, "micro avg": {"precision": 0.7341337907375644, "recall": 0.7341337907375644, "f1-score": 0.7341337907375644, "support": 583}, "macro avg": {"precision": 0.6950396825396825, "recall": 0.6588472932938325, "f1-score": 0.6681283489233866, "support": 583}, "weighted avg": {"precision": 0.7208942524980261, "recall": 0.7341337907375644, "f1-score": 0.7206788352908281, "support": 583}, "kappa": 0.3430341187504089}