{"0": {"precision": 0.7070063694267515, "recall": 0.5577889447236181, "f1-score": 0.6235955056179775, "support": 199}, "1": {"precision": 0.7924528301886793, "recall": 0.8795811518324608, "f1-score": 0.8337468982630273, "support": 382}, "micro avg": {"precision": 0.7693631669535284, "recall": 0.7693631669535284, "f1-score": 0.7693631669535282, "support": 581}, "macro avg": {"precision": 0.7497295998077154, "recall": 0.7186850482780394, "f1-score": 0.7286712019405024, "support": 581}, "weighted avg": {"precision": 0.7631863143683288, "recall": 0.7693631669535284, "f1-score": 0.7617673334844302, "support": 581}, "kappa": 0.46065812261863526}