{"0": {"precision": 0.0, "recall": 0.0, "f1-score": 0.0, "support": 183}, "1": {"precision": 0.685025817555938, "recall": 0.995, "f1-score": 0.8114169215086646, "support": 400}, "micro avg": {"precision": 0.6826758147512865, "recall": 0.6826758147512865, "f1-score": 0.6826758147512865, "support": 583}, "macro avg": {"precision": 0.342512908777969, "recall": 0.4975, "f1-score": 0.4057084607543323, "support": 583}, "weighted avg": {"precision": 0.4700005609303177, "recall": 0.6826758147512865, "f1-score": 0.5567182994913651, "support": 583}, "kappa": -0.006833266432045182}