{"0": {"precision": 0.8957055214723927, "recall": 0.8993839835728953, "f1-score": 0.8975409836065573, "support": 487}, "1": {"precision": 0.4787234042553192, "recall": 0.46875, "f1-score": 0.47368421052631576, "support": 96}, "micro avg": {"precision": 0.8284734133790738, "recall": 0.8284734133790738, "f1-score": 0.8284734133790738, "support": 583}, "macro avg": {"precision": 0.6872144628638559, "recall": 0.6840669917864477, "f1-score": 0.6856125970664365, "support": 583}, "weighted avg": {"precision": 0.8270429429941095, "recall": 0.8284734133790738, "f1-score": 0.8277463863240475, "support": 583}, "kappa": 0.37123875671361695}