{"0": {"precision": 0.6612903225806451, "recall": 0.20603015075376885, "f1-score": 0.31417624521072796, "support": 199}, "1": {"precision": 0.6955684007707129, "recall": 0.9450261780104712, "f1-score": 0.8013318534961155, "support": 382}, "micro avg": {"precision": 0.6919104991394148, "recall": 0.6919104991394148, "f1-score": 0.6919104991394148, "support": 581}, "macro avg": {"precision": 0.678429361675679, "recall": 0.57552816438212, "f1-score": 0.5577540493534217, "support": 581}, "weighted avg": {"precision": 0.6838277165025141, "recall": 0.6919104991394148, "f1-score": 0.6344747690747865, "support": 581}, "kappa": 0.1808844957271688}