{"0": {"precision": 0.6495535714285714, "recall": 0.8362068965517241, "f1-score": 0.7311557788944724, "support": 348}, "1": {"precision": 0.5777777777777777, "recall": 0.33191489361702126, "f1-score": 0.4216216216216216, "support": 235}, "micro avg": {"precision": 0.6329331046312179, "recall": 0.6329331046312179, "f1-score": 0.6329331046312179, "support": 583}, "macro avg": {"precision": 0.6136656746031746, "recall": 0.5840608950843726, "f1-score": 0.576388700258047, "support": 583}, "weighted avg": {"precision": 0.6206216477442892, "recall": 0.6329331046312179, "f1-score": 0.6063864359114193, "support": 583}, "kappa": 0.18059897543675296}