{"0": {"precision": 0.6949152542372882, "recall": 0.8013029315960912, "f1-score": 0.7443267776096824, "support": 307}, "1": {"precision": 0.5666666666666667, "recall": 0.6107784431137725, "f1-score": 0.5878962536023056, "support": 167}, "2": {"precision": 0.2962962962962963, "recall": 0.11594202898550725, "f1-score": 0.16666666666666666, "support": 69}, "3": {"precision": 0.5294117647058824, "recall": 0.2571428571428571, "f1-score": 0.34615384615384615, "support": 35}, "micro avg": {"precision": 0.6314878892733564, "recall": 0.6314878892733564, "f1-score": 0.6314878892733564, "support": 578}, "macro avg": {"precision": 0.5218224954765334, "recall": 0.44629156520955704, "f1-score": 0.4612608860081252, "support": 578}, "weighted avg": {"precision": 0.6002528937600884, "recall": 0.6314878892733564, "f1-score": 0.6060594804379622, "support": 578}, "kappa": 0.36173323379370426}