{"0": {"precision": 0.8884615384615384, "recall": 0.9486652977412731, "f1-score": 0.9175769612711022, "support": 487}, "1": {"precision": 0.6031746031746031, "recall": 0.3958333333333333, "f1-score": 0.47798742138364775, "support": 96}, "micro avg": {"precision": 0.8576329331046312, "recall": 0.8576329331046312, "f1-score": 0.8576329331046312, "support": 583}, "macro avg": {"precision": 0.7458180708180708, "recall": 0.6722493155373032, "f1-score": 0.697782191327375, "support": 583}, "weighted avg": {"precision": 0.8414846160129179, "recall": 0.8576329331046312, "f1-score": 0.84519171971159, "support": 583}, "kappa": 0.39964764705152545}