{"0": {"precision": 0.7091988130563798, "recall": 0.7785016286644951, "f1-score": 0.7422360248447205, "support": 307}, "1": {"precision": 0.5888888888888889, "recall": 0.6347305389221557, "f1-score": 0.6109510086455331, "support": 167}, "2": {"precision": 0.2564102564102564, "recall": 0.14492753623188406, "f1-score": 0.18518518518518517, "support": 69}, "3": {"precision": 0.45454545454545453, "recall": 0.2857142857142857, "f1-score": 0.3508771929824561, "support": 35}, "micro avg": {"precision": 0.6314878892733564, "recall": 0.6314878892733564, "f1-score": 0.6314878892733564, "support": 578}, "macro avg": {"precision": 0.5022608532252449, "recall": 0.4609684973832051, "f1-score": 0.4723123529144737, "support": 578}, "weighted avg": {"precision": 0.6049651879829614, "recall": 0.6314878892733564, "f1-score": 0.6141068470645277, "support": 578}, "kappa": 0.3753855832453933}