{"0": {"precision": 0.532051282051282, "recall": 0.453551912568306, "f1-score": 0.4896755162241888, "support": 183}, "1": {"precision": 0.765807962529274, "recall": 0.8175, "f1-score": 0.7908101571946795, "support": 400}, "micro avg": {"precision": 0.7032590051457976, "recall": 0.7032590051457976, "f1-score": 0.7032590051457976, "support": 583}, "macro avg": {"precision": 0.6489296222902781, "recall": 0.635525956284153, "f1-score": 0.6402428367094342, "support": 583}, "weighted avg": {"precision": 0.6924332240601959, "recall": 0.7032590051457976, "f1-score": 0.6962859045401345, "support": 583}, "kappa": 0.2823517692346006}