{"0": {"precision": 0.8156565656565656, "recall": 0.8177215189873418, "f1-score": 0.8166877370417194, "support": 395}, "1": {"precision": 0.6149732620320856, "recall": 0.6117021276595744, "f1-score": 0.6133333333333333, "support": 188}, "micro avg": {"precision": 0.7512864493996569, "recall": 0.7512864493996569, "f1-score": 0.7512864493996569, "support": 583}, "macro avg": {"precision": 0.7153149138443256, "recall": 0.7147118233234582, "f1-score": 0.7150105351875263, "support": 583}, "weighted avg": {"precision": 0.7509422241790318, "recall": 0.7512864493996569, "f1-score": 0.7511120459659448, "support": 583}, "kappa": 0.4300229919157458}