{"0": {"precision": 0.8556701030927835, "recall": 1.0, "f1-score": 0.9222222222222222, "support": 498}, "1": {"precision": 1.0, "recall": 0.011764705882352941, "f1-score": 0.023255813953488372, "support": 85}, "micro avg": {"precision": 0.855917667238422, "recall": 0.855917667238422, "f1-score": 0.8559176672384219, "support": 583}, "macro avg": {"precision": 0.9278350515463918, "recall": 0.5058823529411764, "f1-score": 0.4727390180878553, "support": 583}, "weighted avg": {"precision": 0.8767130554720518, "recall": 0.855917667238422, "f1-score": 0.7911550786495938, "support": 583}, "kappa": 0.019932756964457066}