{"0": {"precision": 0.9165009940357853, "recall": 0.9257028112449799, "f1-score": 0.9210789210789211, "support": 498}, "1": {"precision": 0.5375, "recall": 0.5058823529411764, "f1-score": 0.5212121212121211, "support": 85}, "micro avg": {"precision": 0.8644939965694682, "recall": 0.8644939965694682, "f1-score": 0.8644939965694683, "support": 583}, "macro avg": {"precision": 0.7270004970178927, "recall": 0.7157925820930782, "f1-score": 0.7211455211455211, "support": 583}, "weighted avg": {"precision": 0.8612435592278235, "recall": 0.8644939965694682, "f1-score": 0.8627793018873636, "support": 583}, "kappa": 0.44237544645559657}