{"0": {"precision": 0.22950819672131148, "recall": 0.15300546448087432, "f1-score": 0.1836065573770492, "support": 183}, "1": {"precision": 0.6637744034707158, "recall": 0.765, "f1-score": 0.710801393728223, "support": 400}, "micro avg": {"precision": 0.5728987993138936, "recall": 0.5728987993138936, "f1-score": 0.5728987993138936, "support": 583}, "macro avg": {"precision": 0.44664130009601366, "recall": 0.4590027322404372, "f1-score": 0.44720397555263613, "support": 583}, "weighted avg": {"precision": 0.5274609972354826, "recall": 0.5728987993138936, "f1-score": 0.5453182804310278, "support": 583}, "kappa": -0.09014516044246523}