{"0": {"precision": 0.7816377171215881, "recall": 0.7974683544303798, "f1-score": 0.7894736842105264, "support": 395}, "1": {"precision": 0.5555555555555556, "recall": 0.5319148936170213, "f1-score": 0.5434782608695652, "support": 188}, "micro avg": {"precision": 0.7118353344768439, "recall": 0.7118353344768439, "f1-score": 0.7118353344768438, "support": 583}, "macro avg": {"precision": 0.6685966363385718, "recall": 0.6646916240237005, "f1-score": 0.6664759725400458, "support": 583}, "weighted avg": {"precision": 0.7087330063592998, "recall": 0.7118353344768439, "f1-score": 0.7101475442652422, "support": 583}, "kappa": 0.3330972872861968}