{"0": {"precision": 0.6799307958477508, "recall": 0.9949367088607595, "f1-score": 0.8078108941418294, "support": 395}, "1": {"precision": 0.6, "recall": 0.015957446808510637, "f1-score": 0.0310880829015544, "support": 188}, "micro avg": {"precision": 0.6792452830188679, "recall": 0.6792452830188679, "f1-score": 0.6792452830188679, "support": 583}, "macro avg": {"precision": 0.6399653979238754, "recall": 0.505447077834635, "f1-score": 0.4194494885216919, "support": 583}, "weighted avg": {"precision": 0.6541555134817523, "recall": 0.6792452830188679, "f1-score": 0.5573411025240391, "support": 583}, "kappa": 0.0146241379622013}