{"0": {"precision": 0.8243243243243243, "recall": 0.6130653266331658, "f1-score": 0.7031700288184438, "support": 199}, "1": {"precision": 0.8221709006928406, "recall": 0.9319371727748691, "f1-score": 0.8736196319018404, "support": 382}, "micro avg": {"precision": 0.8227194492254734, "recall": 0.8227194492254734, "f1-score": 0.8227194492254734, "support": 581}, "macro avg": {"precision": 0.8232476125085825, "recall": 0.7725012497040175, "f1-score": 0.7883948303601421, "support": 581}, "weighted avg": {"precision": 0.8229084760846913, "recall": 0.8227194492254734, "f1-score": 0.8152384425496959, "support": 581}, "kappa": 0.5806465175924822}