{"0": {"precision": 0.9128856624319419, "recall": 0.9766990291262136, "f1-score": 0.9437148217636023, "support": 515}, "1": {"precision": 0.625, "recall": 0.29411764705882354, "f1-score": 0.4, "support": 68}, "micro avg": {"precision": 0.8970840480274442, "recall": 0.8970840480274442, "f1-score": 0.8970840480274442, "support": 583}, "macro avg": {"precision": 0.768942831215971, "recall": 0.6354083380925186, "f1-score": 0.6718574108818012, "support": 583}, "weighted avg": {"precision": 0.8793072318223843, "recall": 0.8970840480274442, "f1-score": 0.8802969694824275, "support": 583}, "kappa": 0.3515978349521762}