{"0": {"precision": 0.9039145907473309, "recall": 0.9864077669902913, "f1-score": 0.9433611884865367, "support": 515}, "1": {"precision": 0.6666666666666666, "recall": 0.20588235294117646, "f1-score": 0.31460674157303364, "support": 68}, "micro avg": {"precision": 0.8953687821612349, "recall": 0.8953687821612349, "f1-score": 0.8953687821612349, "support": 583}, "macro avg": {"precision": 0.7852906287069987, "recall": 0.5961450599657339, "f1-score": 0.6289839650297852, "support": 583}, "weighted avg": {"precision": 0.8762424486590202, "recall": 0.8953687821612349, "f1-score": 0.8700244776973116, "support": 583}, "kappa": 0.27468336358630263}