{"0": {"precision": 0.8106194690265487, "recall": 0.9913419913419913, "f1-score": 0.8919182083739046, "support": 462}, "1": {"precision": 0.7777777777777778, "recall": 0.11570247933884298, "f1-score": 0.2014388489208633, "support": 121}, "micro avg": {"precision": 0.8096054888507719, "recall": 0.8096054888507719, "f1-score": 0.8096054888507719, "support": 583}, "macro avg": {"precision": 0.7941986234021632, "recall": 0.5535222353404171, "f1-score": 0.546678528647384, "support": 583}, "weighted avg": {"precision": 0.803803268956049, "recall": 0.8096054888507719, "f1-score": 0.7486111715062923, "support": 583}, "kappa": 0.156075168555444}