{"0": {"precision": 0.926829268292683, "recall": 0.9592233009708738, "f1-score": 0.9427480916030535, "support": 515}, "1": {"precision": 0.58, "recall": 0.4264705882352941, "f1-score": 0.4915254237288135, "support": 68}, "micro avg": {"precision": 0.8970840480274442, "recall": 0.8970840480274442, "f1-score": 0.8970840480274442, "support": 583}, "macro avg": {"precision": 0.7534146341463415, "recall": 0.6928469446030839, "f1-score": 0.7171367576659335, "support": 583}, "weighted avg": {"precision": 0.8863757687319583, "recall": 0.8970840480274442, "f1-score": 0.8901183464650632, "support": 583}, "kappa": 0.4357518469529309}