{"0": {"precision": 0.7986111111111112, "recall": 0.6609195402298851, "f1-score": 0.7232704402515723, "support": 348}, "1": {"precision": 0.6, "recall": 0.7531914893617021, "f1-score": 0.6679245283018868, "support": 235}, "micro avg": {"precision": 0.6981132075471698, "recall": 0.6981132075471698, "f1-score": 0.6981132075471698, "support": 583}, "macro avg": {"precision": 0.6993055555555556, "recall": 0.7070555147957935, "f1-score": 0.6955974842767295, "support": 583}, "weighted avg": {"precision": 0.7185534591194969, "recall": 0.6981132075471698, "f1-score": 0.7009611961552153, "support": 583}, "kappa": 0.39762827286603264}