{"0": {"precision": 0.8848797250859106, "recall": 1.0, "f1-score": 0.9389243391066545, "support": 515}, "1": {"precision": 1.0, "recall": 0.014705882352941176, "f1-score": 0.028985507246376812, "support": 68}, "micro avg": {"precision": 0.8850771869639794, "recall": 0.8850771869639794, "f1-score": 0.8850771869639794, "support": 583}, "macro avg": {"precision": 0.9424398625429553, "recall": 0.5073529411764706, "f1-score": 0.4839549231765157, "support": 583}, "weighted avg": {"precision": 0.8983071327945865, "recall": 0.8850771869639794, "f1-score": 0.8327908218399326, "support": 583}, "kappa": 0.025691551719837502}