{"0": {"precision": 0.9059304703476483, "recall": 0.9096509240246407, "f1-score": 0.9077868852459017, "support": 487}, "1": {"precision": 0.5319148936170213, "recall": 0.5208333333333334, "f1-score": 0.5263157894736842, "support": 96}, "micro avg": {"precision": 0.8456260720411664, "recall": 0.8456260720411664, "f1-score": 0.8456260720411664, "support": 583}, "macro avg": {"precision": 0.7189226819823348, "recall": 0.715242128678987, "f1-score": 0.7170513373597929, "support": 583}, "weighted avg": {"precision": 0.8443429997367732, "recall": 0.8456260720411664, "f1-score": 0.8449717476916428, "support": 583}, "kappa": 0.43411488104225526}