{"0": {"precision": 0.9151624548736462, "recall": 0.9844660194174757, "f1-score": 0.9485500467726848, "support": 515}, "1": {"precision": 0.7241379310344828, "recall": 0.3088235294117647, "f1-score": 0.43298969072164945, "support": 68}, "micro avg": {"precision": 0.9056603773584906, "recall": 0.9056603773584906, "f1-score": 0.9056603773584906, "support": 583}, "macro avg": {"precision": 0.8196501929540645, "recall": 0.6466447744146202, "f1-score": 0.6907698687471672, "support": 583}, "weighted avg": {"precision": 0.8928817213898331, "recall": 0.9056603773584906, "f1-score": 0.8884160772847426, "support": 583}, "kappa": 0.39048035432547}