{"0": {"precision": 0.6173913043478261, "recall": 0.3879781420765027, "f1-score": 0.476510067114094, "support": 183}, "1": {"precision": 0.7606837606837606, "recall": 0.89, "f1-score": 0.8202764976958524, "support": 400}, "micro avg": {"precision": 0.7324185248713551, "recall": 0.7324185248713551, "f1-score": 0.7324185248713551, "support": 583}, "macro avg": {"precision": 0.6890375325157934, "recall": 0.6389890710382513, "f1-score": 0.6483932824049732, "support": 583}, "weighted avg": {"precision": 0.71570516804315, "recall": 0.7324185248713551, "f1-score": 0.7123703968442884, "support": 583}, "kappa": 0.3091367627844793}