{"0": {"precision": 0.7752161383285303, "recall": 0.7729885057471264, "f1-score": 0.7741007194244605, "support": 348}, "1": {"precision": 0.6652542372881356, "recall": 0.6680851063829787, "f1-score": 0.6666666666666666, "support": 235}, "micro avg": {"precision": 0.7307032590051458, "recall": 0.7307032590051458, "f1-score": 0.7307032590051458, "support": 583}, "macro avg": {"precision": 0.720235187808333, "recall": 0.7205368060650525, "f1-score": 0.7203836930455636, "support": 583}, "weighted avg": {"precision": 0.7308918729005839, "recall": 0.7307032590051458, "f1-score": 0.7307953979869277, "support": 583}, "kappa": 0.44076909447495927}