{"0": {"precision": 0.660377358490566, "recall": 0.17587939698492464, "f1-score": 0.2777777777777778, "support": 199}, "1": {"precision": 0.6893939393939394, "recall": 0.9528795811518325, "f1-score": 0.8, "support": 382}, "micro avg": {"precision": 0.6867469879518072, "recall": 0.6867469879518072, "f1-score": 0.6867469879518072, "support": 581}, "macro avg": {"precision": 0.6748856489422528, "recall": 0.5643794890683785, "f1-score": 0.538888888888889, "support": 581}, "weighted avg": {"precision": 0.6794553858659338, "recall": 0.6867469879518072, "f1-score": 0.6211321476381718, "support": 581}, "kappa": 0.15621060023300737}