{"0": {"precision": 0.7931034482758621, "recall": 0.9956709956709957, "f1-score": 0.8829174664107486, "support": 462}, "1": {"precision": 0.3333333333333333, "recall": 0.008264462809917356, "f1-score": 0.016129032258064516, "support": 121}, "micro avg": {"precision": 0.79073756432247, "recall": 0.79073756432247, "f1-score": 0.79073756432247, "support": 583}, "macro avg": {"precision": 0.5632183908045977, "recall": 0.5019677292404565, "f1-score": 0.44952324933440657, "support": 583}, "weighted avg": {"precision": 0.6976794621557146, "recall": 0.79073756432247, "f1-score": 0.7030179800771726, "support": 583}, "kappa": 0.006148170919151541}