{"0": {"precision": 0.7100591715976331, "recall": 0.6030150753768844, "f1-score": 0.6521739130434782, "support": 199}, "1": {"precision": 0.808252427184466, "recall": 0.8717277486910995, "f1-score": 0.8387909319899244, "support": 382}, "micro avg": {"precision": 0.7796901893287436, "recall": 0.7796901893287436, "f1-score": 0.7796901893287437, "support": 581}, "macro avg": {"precision": 0.7591557993910496, "recall": 0.7373714120339919, "f1-score": 0.7454824225167013, "support": 581}, "weighted avg": {"precision": 0.7746199695910413, "recall": 0.7796901893287436, "f1-score": 0.7748721940031037, "support": 581}, "kappa": 0.4925279434443792}