{"0": {"precision": 0.18333333333333332, "recall": 0.060109289617486336, "f1-score": 0.09053497942386832, "support": 183}, "1": {"precision": 0.6711281070745698, "recall": 0.8775, "f1-score": 0.7605633802816901, "support": 400}, "micro avg": {"precision": 0.6209262435677531, "recall": 0.6209262435677531, "f1-score": 0.6209262435677531, "support": 583}, "macro avg": {"precision": 0.4272307202039516, "recall": 0.4688046448087431, "f1-score": 0.42554917985277924, "support": 583}, "weighted avg": {"precision": 0.5180124233787786, "recall": 0.6209262435677531, "f1-score": 0.5502457175767478, "support": 583}, "kappa": -0.07630169828500777}