{"0": {"precision": 0.8676171079429735, "recall": 0.922077922077922, "f1-score": 0.89401888772298, "support": 462}, "1": {"precision": 0.6086956521739131, "recall": 0.4628099173553719, "f1-score": 0.5258215962441315, "support": 121}, "micro avg": {"precision": 0.8267581475128645, "recall": 0.8267581475128645, "f1-score": 0.8267581475128645, "support": 583}, "macro avg": {"precision": 0.7381563800584433, "recall": 0.692443919716647, "f1-score": 0.7099202419835557, "support": 583}, "weighted avg": {"precision": 0.813878692594678, "recall": 0.8267581475128645, "f1-score": 0.817600581944351, "support": 583}, "kappa": 0.4222342147868321}