{"0": {"precision": 0.8171091445427728, "recall": 0.7959770114942529, "f1-score": 0.8064046579330422, "support": 348}, "1": {"precision": 0.7090163934426229, "recall": 0.7361702127659574, "f1-score": 0.7223382045929019, "support": 235}, "micro avg": {"precision": 0.7718696397941681, "recall": 0.7718696397941681, "f1-score": 0.7718696397941681, "support": 583}, "macro avg": {"precision": 0.7630627689926979, "recall": 0.7660736121301052, "f1-score": 0.764371431262972, "support": 583}, "weighted avg": {"precision": 0.7735383100512886, "recall": 0.7718696397941681, "f1-score": 0.7725185232247523, "support": 583}, "kappa": 0.5288588320360682}