{"0": {"precision": 0.7869822485207101, "recall": 0.6683417085427136, "f1-score": 0.7228260869565217, "support": 199}, "1": {"precision": 0.8398058252427184, "recall": 0.9057591623036649, "f1-score": 0.8715365239294711, "support": 382}, "micro avg": {"precision": 0.8244406196213425, "recall": 0.8244406196213425, "f1-score": 0.8244406196213425, "support": 581}, "macro avg": {"precision": 0.8133940368817143, "recall": 0.7870504354231893, "f1-score": 0.7971813054429964, "support": 581}, "weighted avg": {"precision": 0.8217130683276072, "recall": 0.8244406196213425, "f1-score": 0.8206012795962234, "support": 581}, "kappa": 0.5956082049322396}