{"0": {"precision": 0.8719851576994434, "recall": 0.9650924024640657, "f1-score": 0.9161793372319688, "support": 487}, "1": {"precision": 0.6136363636363636, "recall": 0.28125, "f1-score": 0.3857142857142857, "support": 96}, "micro avg": {"precision": 0.8524871355060034, "recall": 0.8524871355060034, "f1-score": 0.8524871355060034, "support": 583}, "macro avg": {"precision": 0.7428107606679035, "recall": 0.6231712012320328, "f1-score": 0.6509468114731272, "support": 583}, "weighted avg": {"precision": 0.8294440183683015, "recall": 0.8524871355060034, "f1-score": 0.8288300320077876, "support": 583}, "kappa": 0.314792543595911}