{"0": {"precision": 0.7085714285714285, "recall": 0.8078175895765473, "f1-score": 0.7549467275494673, "support": 307}, "1": {"precision": 0.5691489361702128, "recall": 0.6407185628742516, "f1-score": 0.6028169014084507, "support": 167}, "2": {"precision": 0.23809523809523808, "recall": 0.07246376811594203, "f1-score": 0.11111111111111112, "support": 69}, "3": {"precision": 0.47368421052631576, "recall": 0.2571428571428571, "f1-score": 0.3333333333333333, "support": 35}, "micro avg": {"precision": 0.6384083044982699, "recall": 0.6384083044982699, "f1-score": 0.6384083044982699, "support": 578}, "macro avg": {"precision": 0.4973749533407988, "recall": 0.44453569442739954, "f1-score": 0.4505520183505906, "support": 578}, "weighted avg": {"precision": 0.5979010721606343, "recall": 0.6384083044982699, "f1-score": 0.608602770287597, "support": 578}, "kappa": 0.3744847869762433}