{"0": {"precision": 0.8833619210977701, "recall": 1.0, "f1-score": 0.9380692167577414, "support": 515}, "1": {"precision": 0.0, "recall": 0.0, "f1-score": 0.0, "support": 68}, "micro avg": {"precision": 0.8833619210977701, "recall": 0.8833619210977701, "f1-score": 0.8833619210977701, "support": 583}, "macro avg": {"precision": 0.44168096054888506, "recall": 0.5, "f1-score": 0.4690346083788707, "support": 583}, "weighted avg": {"precision": 0.7803282836455431, "recall": 0.8833619210977701, "f1-score": 0.8286546254377989, "support": 583}, "kappa": 0.0}