{"0": {"precision": 0.6384615384615384, "recall": 0.41708542713567837, "f1-score": 0.5045592705167173, "support": 199}, "1": {"precision": 0.7427937915742794, "recall": 0.8769633507853403, "f1-score": 0.8043217286914767, "support": 382}, "micro avg": {"precision": 0.7194492254733219, "recall": 0.7194492254733219, "f1-score": 0.719449225473322, "support": 581}, "macro avg": {"precision": 0.6906276650179088, "recall": 0.6470243889605093, "f1-score": 0.654440499604097, "support": 581}, "weighted avg": {"precision": 0.7070586480812752, "recall": 0.7194492254733219, "f1-score": 0.7016492171996056, "support": 581}, "kappa": 0.3206823088896701}