{"0": {"precision": 0.6793103448275862, "recall": 0.9974683544303797, "f1-score": 0.8082051282051282, "support": 395}, "1": {"precision": 0.6666666666666666, "recall": 0.010638297872340425, "f1-score": 0.020942408376963352, "support": 188}, "micro avg": {"precision": 0.6792452830188679, "recall": 0.6792452830188679, "f1-score": 0.6792452830188679, "support": 583}, "macro avg": {"precision": 0.6729885057471264, "recall": 0.5040533261513601, "f1-score": 0.4145737682910458, "support": 583}, "weighted avg": {"precision": 0.6752331381479072, "recall": 0.6792452830188679, "f1-score": 0.5543365324457886, "support": 583}, "kappa": 0.010923111816738551}