{"0": {"precision": 0.9226519337016574, "recall": 0.9728155339805825, "f1-score": 0.9470699432892248, "support": 515}, "1": {"precision": 0.65, "recall": 0.38235294117647056, "f1-score": 0.48148148148148157, "support": 68}, "micro avg": {"precision": 0.9039451114922813, "recall": 0.9039451114922813, "f1-score": 0.9039451114922813, "support": 583}, "macro avg": {"precision": 0.7863259668508287, "recall": 0.6775842375785266, "f1-score": 0.7142757123853531, "support": 583}, "weighted avg": {"precision": 0.8908503359457179, "recall": 0.9039451114922813, "f1-score": 0.8927645995449254, "support": 583}, "kappa": 0.43244558792851684}