{"0": {"precision": 0.616, "recall": 0.4207650273224044, "f1-score": 0.5000000000000001, "support": 183}, "1": {"precision": 0.7685589519650655, "recall": 0.88, "f1-score": 0.8205128205128205, "support": 400}, "micro avg": {"precision": 0.7358490566037735, "recall": 0.7358490566037735, "f1-score": 0.7358490566037735, "support": 583}, "macro avg": {"precision": 0.6922794759825328, "recall": 0.6503825136612023, "f1-score": 0.6602564102564104, "support": 583}, "weighted avg": {"precision": 0.7206716651561341, "recall": 0.7358490566037735, "f1-score": 0.7199058802832388, "support": 583}, "kappa": 0.3290537611909068}