{"0": {"precision": 0.5311418685121108, "recall": 1.0, "f1-score": 0.6937853107344633, "support": 307}, "1": {"precision": 0.0, "recall": 0.0, "f1-score": 0.0, "support": 167}, "2": {"precision": 0.0, "recall": 0.0, "f1-score": 0.0, "support": 69}, "3": {"precision": 0.0, "recall": 0.0, "f1-score": 0.0, "support": 35}, "micro avg": {"precision": 0.5311418685121108, "recall": 0.5311418685121108, "f1-score": 0.5311418685121108, "support": 578}, "macro avg": {"precision": 0.1327854671280277, "recall": 0.25, "f1-score": 0.17344632768361581, "support": 578}, "weighted avg": {"precision": 0.28211168448653634, "recall": 0.5311418685121108, "f1-score": 0.3684984262897582, "support": 578}, "kappa": 0.0}