{"0": {"precision": 0.7846607669616519, "recall": 0.764367816091954, "f1-score": 0.7743813682678311, "support": 348}, "1": {"precision": 0.6639344262295082, "recall": 0.6893617021276596, "f1-score": 0.6764091858037578, "support": 235}, "micro avg": {"precision": 0.7341337907375644, "recall": 0.7341337907375644, "f1-score": 0.7341337907375644, "support": 583}, "macro avg": {"precision": 0.72429759659558, "recall": 0.7268647591098067, "f1-score": 0.7253952770357944, "support": 583}, "weighted avg": {"precision": 0.7359974906802561, "recall": 0.7341337907375644, "f1-score": 0.7348900082694482, "support": 583}, "kappa": 0.45092570650819974}