{"0": {"precision": 0.6475770925110133, "recall": 0.8448275862068966, "f1-score": 0.7331670822942643, "support": 348}, "1": {"precision": 0.5813953488372093, "recall": 0.3191489361702128, "f1-score": 0.4120879120879121, "support": 235}, "micro avg": {"precision": 0.6329331046312179, "recall": 0.6329331046312179, "f1-score": 0.6329331046312179, "support": 583}, "macro avg": {"precision": 0.6144862206741113, "recall": 0.5819882611885547, "f1-score": 0.5726274971910882, "support": 583}, "weighted avg": {"precision": 0.6209000603268898, "recall": 0.6329331046312179, "f1-score": 0.603744089157913, "support": 583}, "kappa": 0.17693393674710722}