{"0": {"precision": 0.750561797752809, "recall": 0.8455696202531645, "f1-score": 0.7952380952380952, "support": 395}, "1": {"precision": 0.5579710144927537, "recall": 0.4095744680851064, "f1-score": 0.47239263803680986, "support": 188}, "micro avg": {"precision": 0.7049742710120068, "recall": 0.7049742710120068, "f1-score": 0.7049742710120068, "support": 583}, "macro avg": {"precision": 0.6542664061227813, "recall": 0.6275720441691355, "f1-score": 0.6338153666374525, "support": 583}, "weighted avg": {"precision": 0.6884570511783829, "recall": 0.7049742710120068, "f1-score": 0.6911301261920546, "support": 583}, "kappa": 0.2742563508721141}