{"0": {"precision": 0.8904347826086957, "recall": 0.9941747572815534, "f1-score": 0.9394495412844036, "support": 515}, "1": {"precision": 0.625, "recall": 0.07352941176470588, "f1-score": 0.13157894736842107, "support": 68}, "micro avg": {"precision": 0.8867924528301887, "recall": 0.8867924528301887, "f1-score": 0.8867924528301887, "support": 583}, "macro avg": {"precision": 0.7577173913043478, "recall": 0.5338520845231296, "f1-score": 0.5355142443264124, "support": 583}, "weighted avg": {"precision": 0.8594749794913864, "recall": 0.8867924528301887, "f1-score": 0.8452210672084399, "support": 583}, "kappa": 0.10971772327626084}