{"0": {"precision": 0.8956692913385826, "recall": 0.9342915811088296, "f1-score": 0.914572864321608, "support": 487}, "1": {"precision": 0.5733333333333334, "recall": 0.4479166666666667, "f1-score": 0.5029239766081871, "support": 96}, "micro avg": {"precision": 0.8542024013722127, "recall": 0.8542024013722127, "f1-score": 0.8542024013722127, "support": 583}, "macro avg": {"precision": 0.7345013123359581, "recall": 0.6911041238877481, "f1-score": 0.7087484204648975, "support": 583}, "weighted avg": {"precision": 0.842591672181629, "recall": 0.8542024013722127, "f1-score": 0.8467884848696553, "support": 583}, "kappa": 0.4190027317599334}