{"0": {"precision": 0.23, "recall": 0.25136612021857924, "f1-score": 0.24020887728459528, "support": 183}, "1": {"precision": 0.6422976501305483, "recall": 0.615, "f1-score": 0.6283524904214559, "support": 400}, "micro avg": {"precision": 0.5008576329331046, "recall": 0.5008576329331046, "f1-score": 0.5008576329331046, "support": 583}, "macro avg": {"precision": 0.43614882506527414, "recall": 0.43318306010928964, "f1-score": 0.4342806838530256, "support": 583}, "weighted avg": {"precision": 0.5128800343948873, "recall": 0.5008576329331046, "f1-score": 0.5065166736049113, "support": 583}, "kappa": -0.13034932606653404}