{"0": {"precision": 0.9273743016759777, "recall": 0.9669902912621359, "f1-score": 0.9467680608365018, "support": 515}, "1": {"precision": 0.6304347826086957, "recall": 0.4264705882352941, "f1-score": 0.5087719298245614, "support": 68}, "micro avg": {"precision": 0.9039451114922813, "recall": 0.9039451114922813, "f1-score": 0.9039451114922813, "support": 583}, "macro avg": {"precision": 0.7789045421423366, "recall": 0.696730439748715, "f1-score": 0.7277699953305317, "support": 583}, "weighted avg": {"precision": 0.8927398466218179, "recall": 0.9039451114922813, "f1-score": 0.8956810335486597, "support": 583}, "kappa": 0.4577284656014351}