{"0": {"precision": 0.5398550724637681, "recall": 0.9706840390879479, "f1-score": 0.6938300349243306, "support": 307}, "1": {"precision": 0.3333333333333333, "recall": 0.005988023952095809, "f1-score": 0.011764705882352941, "support": 167}, "2": {"precision": 0.0, "recall": 0.0, "f1-score": 0.0, "support": 69}, "3": {"precision": 0.1, "recall": 0.05714285714285714, "f1-score": 0.07272727272727272, "support": 35}, "micro avg": {"precision": 0.5207612456747405, "recall": 0.5207612456747405, "f1-score": 0.5207612456747405, "support": 578}, "macro avg": {"precision": 0.24329710144927533, "recall": 0.2584537300457252, "f1-score": 0.19458050338348906, "support": 578}, "weighted avg": {"precision": 0.38910410711599214, "recall": 0.5207612456747405, "f1-score": 0.3763252269023823, "support": 578}, "kappa": 0.01903046344631487}