{"0": {"precision": 0.7387580299785867, "recall": 0.8734177215189873, "f1-score": 0.8004640371229698, "support": 395}, "1": {"precision": 0.5689655172413793, "recall": 0.35106382978723405, "f1-score": 0.4342105263157895, "support": 188}, "micro avg": {"precision": 0.7049742710120068, "recall": 0.7049742710120068, "f1-score": 0.7049742710120068, "support": 583}, "macro avg": {"precision": 0.653861773609983, "recall": 0.6122407756531107, "f1-score": 0.6173372817193796, "support": 583}, "weighted avg": {"precision": 0.6840050413086125, "recall": 0.7049742710120068, "f1-score": 0.6823582737751999, "support": 583}, "kappa": 0.2495210154472518}