{"0": {"precision": 0.2222222222222222, "recall": 0.010050251256281407, "f1-score": 0.019230769230769232, "support": 199}, "1": {"precision": 0.6555944055944056, "recall": 0.981675392670157, "f1-score": 0.7861635220125786, "support": 382}, "micro avg": {"precision": 0.648881239242685, "recall": 0.648881239242685, "f1-score": 0.648881239242685, "support": 581}, "macro avg": {"precision": 0.4389083139083139, "recall": 0.49586282196321924, "f1-score": 0.4026971456216739, "support": 581}, "weighted avg": {"precision": 0.5071588384841397, "recall": 0.648881239242685, "f1-score": 0.5234791540201861, "support": 581}, "kappa": -0.01072774717309355}