{"0": {"precision": 0.8626262626262626, "recall": 0.9242424242424242, "f1-score": 0.8923719958202716, "support": 462}, "1": {"precision": 0.6022727272727273, "recall": 0.4380165289256198, "f1-score": 0.5071770334928231, "support": 121}, "micro avg": {"precision": 0.823327615780446, "recall": 0.823327615780446, "f1-score": 0.823327615780446, "support": 583}, "macro avg": {"precision": 0.732449494949495, "recall": 0.681129476584022, "f1-score": 0.6997745146565473, "support": 583}, "weighted avg": {"precision": 0.8085906232132648, "recall": 0.823327615780446, "f1-score": 0.8124258715636312, "support": 583}, "kappa": 0.4028005688655508}