{"0": {"precision": 0.5357142857142857, "recall": 0.9771986970684039, "f1-score": 0.6920415224913495, "support": 307}, "1": {"precision": 0.3333333333333333, "recall": 0.005988023952095809, "f1-score": 0.011764705882352941, "support": 167}, "2": {"precision": 0.0, "recall": 0.0, "f1-score": 0.0, "support": 69}, "3": {"precision": 0.14285714285714285, "recall": 0.05714285714285714, "f1-score": 0.08163265306122448, "support": 35}, "micro avg": {"precision": 0.5242214532871973, "recall": 0.5242214532871973, "f1-score": 0.5242214532871973, "support": 578}, "macro avg": {"precision": 0.25297619047619047, "recall": 0.2600823945408392, "f1-score": 0.19635972035873173, "support": 578}, "weighted avg": {"precision": 0.38949991761410446, "recall": 0.5242214532871973, "f1-score": 0.3759145262012805, "support": 578}, "kappa": 0.01337024530737907}