{"0": {"precision": 0.8137535816618912, "recall": 0.8160919540229885, "f1-score": 0.8149210903873746, "support": 348}, "1": {"precision": 0.7264957264957265, "recall": 0.723404255319149, "f1-score": 0.7249466950959489, "support": 235}, "micro avg": {"precision": 0.7787307032590052, "recall": 0.7787307032590052, "f1-score": 0.7787307032590052, "support": 583}, "macro avg": {"precision": 0.7701246540788088, "recall": 0.7697481046710688, "f1-score": 0.7699338927416617, "support": 583}, "weighted avg": {"precision": 0.77858103283848, "recall": 0.7787307032590052, "f1-score": 0.778653538254467, "support": 583}, "kappa": 0.5398691930717603}