{"0": {"precision": 0.8922764227642277, "recall": 0.9014373716632443, "f1-score": 0.8968335035750766, "support": 487}, "1": {"precision": 0.4725274725274725, "recall": 0.4479166666666667, "f1-score": 0.45989304812834225, "support": 96}, "micro avg": {"precision": 0.8267581475128645, "recall": 0.8267581475128645, "f1-score": 0.8267581475128645, "support": 583}, "macro avg": {"precision": 0.68240194764585, "recall": 0.6746770191649555, "f1-score": 0.6783632758517094, "support": 583}, "weighted avg": {"precision": 0.8231582422792731, "recall": 0.8267581475128645, "f1-score": 0.8248844748908802, "support": 583}, "kappa": 0.3568143835541623}