{"0": {"precision": 0.6787564766839378, "recall": 0.9949367088607595, "f1-score": 0.8069815195071868, "support": 395}, "1": {"precision": 0.5, "recall": 0.010638297872340425, "f1-score": 0.020833333333333336, "support": 188}, "micro avg": {"precision": 0.6775300171526587, "recall": 0.6775300171526587, "f1-score": 0.6775300171526587, "support": 583}, "macro avg": {"precision": 0.5893782383419689, "recall": 0.50278750336655, "f1-score": 0.41390742642026007, "support": 583}, "weighted avg": {"precision": 0.6211128787138172, "recall": 0.6775300171526587, "f1-score": 0.5534723273962358, "support": 583}, "kappa": 0.007497826716893474}