{"0": {"precision": 0.9019230769230769, "recall": 0.9417670682730924, "f1-score": 0.9214145383104126, "support": 498}, "1": {"precision": 0.5396825396825397, "recall": 0.4, "f1-score": 0.4594594594594595, "support": 85}, "micro avg": {"precision": 0.8627787307032591, "recall": 0.8627787307032591, "f1-score": 0.8627787307032591, "support": 583}, "macro avg": {"precision": 0.7208028083028083, "recall": 0.6708835341365462, "f1-score": 0.690436998884936, "support": 583}, "weighted avg": {"precision": 0.849109276467767, "recall": 0.8627787307032591, "f1-score": 0.8540625971400336, "support": 583}, "kappa": 0.3828565379627914}