{"0": {"precision": 0.7780979827089337, "recall": 0.7758620689655172, "f1-score": 0.7769784172661871, "support": 348}, "1": {"precision": 0.6694915254237288, "recall": 0.6723404255319149, "f1-score": 0.6709129511677283, "support": 235}, "micro avg": {"precision": 0.7341337907375644, "recall": 0.7341337907375644, "f1-score": 0.7341337907375644, "support": 583}, "macro avg": {"precision": 0.7237947540663312, "recall": 0.724101247248716, "f1-score": 0.7239456842169577, "support": 583}, "weighted avg": {"precision": 0.7343200796865955, "recall": 0.7341337907375644, "f1-score": 0.7342247559743555, "support": 583}, "kappa": 0.44789305505489607}