{"0": {"precision": 0.8, "recall": 0.4020100502512563, "f1-score": 0.5351170568561874, "support": 199}, "1": {"precision": 0.7525987525987526, "recall": 0.9476439790575916, "f1-score": 0.8389339513325609, "support": 382}, "micro avg": {"precision": 0.7607573149741824, "recall": 0.7607573149741824, "f1-score": 0.7607573149741824, "support": 581}, "macro avg": {"precision": 0.7762993762993764, "recall": 0.674827014654424, "f1-score": 0.6870255040943741, "support": 581}, "weighted avg": {"precision": 0.768834291725858, "recall": 0.7607573149741824, "f1-score": 0.734872743069569, "support": 581}, "kappa": 0.3969563691485152}