{"0": {"precision": 0.26666666666666666, "recall": 0.020100502512562814, "f1-score": 0.03738317757009346, "support": 199}, "1": {"precision": 0.6554770318021201, "recall": 0.9712041884816754, "f1-score": 0.7827004219409281, "support": 382}, "micro avg": {"precision": 0.6454388984509466, "recall": 0.6454388984509466, "f1-score": 0.6454388984509466, "support": 581}, "macro avg": {"precision": 0.46107184923439337, "recall": 0.4956523454971191, "f1-score": 0.4100417997555108, "support": 581}, "weighted avg": {"precision": 0.5223044626765517, "recall": 0.6454388984509466, "f1-score": 0.5274196446090932, "support": 581}, "kappa": -0.011168936500963289}