{"0": {"precision": 0.8116883116883117, "recall": 0.7183908045977011, "f1-score": 0.7621951219512195, "support": 348}, "1": {"precision": 0.6436363636363637, "recall": 0.7531914893617021, "f1-score": 0.6941176470588235, "support": 235}, "micro avg": {"precision": 0.7324185248713551, "recall": 0.7324185248713551, "f1-score": 0.7324185248713551, "support": 583}, "macro avg": {"precision": 0.7276623376623377, "recall": 0.7357911469797016, "f1-score": 0.7281563845050215, "support": 583}, "weighted avg": {"precision": 0.7439486756810942, "recall": 0.7324185248713551, "f1-score": 0.7347539442501679, "support": 583}, "kappa": 0.4589005235602094}