{"0": {"precision": 0.7866004962779156, "recall": 0.8025316455696202, "f1-score": 0.7944862155388472, "support": 395}, "1": {"precision": 0.5666666666666667, "recall": 0.5425531914893617, "f1-score": 0.5543478260869564, "support": 188}, "micro avg": {"precision": 0.7186963979416809, "recall": 0.7186963979416809, "f1-score": 0.7186963979416809, "support": 583}, "macro avg": {"precision": 0.6766335814722911, "recall": 0.6725424185294909, "f1-score": 0.6744170208129019, "support": 583}, "weighted avg": {"precision": 0.715678438015626, "recall": 0.7186963979416809, "f1-score": 0.7170487932113078, "support": 583}, "kappa": 0.34897592330319216}