{"0": {"precision": 0.7877358490566038, "recall": 0.8455696202531645, "f1-score": 0.8156288156288156, "support": 395}, "1": {"precision": 0.6163522012578616, "recall": 0.5212765957446809, "f1-score": 0.5648414985590778, "support": 188}, "micro avg": {"precision": 0.7409948542024014, "recall": 0.7409948542024014, "f1-score": 0.7409948542024014, "support": 583}, "macro avg": {"precision": 0.7020440251572326, "recall": 0.6834231079989227, "f1-score": 0.6902351570939467, "support": 583}, "weighted avg": {"precision": 0.7324697670906286, "recall": 0.7409948542024014, "f1-score": 0.7347574337950066, "support": 583}, "kappa": 0.38229825213834134}