{"0": {"precision": 0.6530612244897959, "recall": 0.16080402010050251, "f1-score": 0.25806451612903225, "support": 199}, "1": {"precision": 0.6860902255639098, "recall": 0.9554973821989529, "f1-score": 0.798687089715536, "support": 382}, "micro avg": {"precision": 0.6833046471600689, "recall": 0.6833046471600689, "f1-score": 0.6833046471600689, "support": 581}, "macro avg": {"precision": 0.6695757250268528, "recall": 0.5581507011497276, "f1-score": 0.5283758029222841, "support": 581}, "weighted avg": {"precision": 0.6747773663319844, "recall": 0.6833046471600689, "f1-score": 0.613516879485391, "support": 581}, "kappa": 0.141926059107765}