{"0": {"precision": 0.9096267190569745, "recall": 0.929718875502008, "f1-score": 0.9195630585898709, "support": 498}, "1": {"precision": 0.527027027027027, "recall": 0.4588235294117647, "f1-score": 0.49056603773584906, "support": 85}, "micro avg": {"precision": 0.8610634648370498, "recall": 0.8610634648370498, "f1-score": 0.8610634648370498, "support": 583}, "macro avg": {"precision": 0.7183268730420007, "recall": 0.6942712024568863, "f1-score": 0.7050645481628599, "support": 583}, "weighted avg": {"precision": 0.8538446027232771, "recall": 0.8610634648370498, "f1-score": 0.8570163231308797, "support": 583}, "kappa": 0.4105745347429385}