{"0": {"precision": 0.9236499068901304, "recall": 0.9631067961165048, "f1-score": 0.9429657794676807, "support": 515}, "1": {"precision": 0.5869565217391305, "recall": 0.39705882352941174, "f1-score": 0.47368421052631576, "support": 68}, "micro avg": {"precision": 0.8970840480274442, "recall": 0.8970840480274442, "f1-score": 0.8970840480274442, "support": 583}, "macro avg": {"precision": 0.7553032143146304, "recall": 0.6800828098229583, "f1-score": 0.7083249949969982, "support": 583}, "weighted avg": {"precision": 0.8843786372670293, "recall": 0.8970840480274442, "f1-score": 0.8882296788021355, "support": 583}, "kappa": 0.41899478457296624}