{"0": {"precision": 0.8542024013722127, "recall": 1.0, "f1-score": 0.9213691026827012, "support": 498}, "1": {"precision": 0.0, "recall": 0.0, "f1-score": 0.0, "support": 85}, "micro avg": {"precision": 0.8542024013722127, "recall": 0.8542024013722127, "f1-score": 0.8542024013722127, "support": 583}, "macro avg": {"precision": 0.42710120068610635, "recall": 0.5, "f1-score": 0.4606845513413506, "support": 583}, "weighted avg": {"precision": 0.7296617425100548, "recall": 0.8542024013722127, "f1-score": 0.7870357000617242, "support": 583}, "kappa": 0.0}