{"0": {"precision": 0.6148148148148148, "recall": 0.453551912568306, "f1-score": 0.5220125786163522, "support": 183}, "1": {"precision": 0.7767857142857143, "recall": 0.87, "f1-score": 0.820754716981132, "support": 400}, "micro avg": {"precision": 0.7392795883361921, "recall": 0.7392795883361921, "f1-score": 0.739279588336192, "support": 583}, "macro avg": {"precision": 0.6958002645502646, "recall": 0.661775956284153, "f1-score": 0.671383647798742, "support": 583}, "weighted avg": {"precision": 0.7259440768874731, "recall": 0.7392795883361921, "f1-score": 0.7269814557105408, "support": 583}, "kappa": 0.3483350982468526}