{"0": {"precision": 0.7934595524956971, "recall": 0.9978354978354979, "f1-score": 0.8839884947267497, "support": 462}, "1": {"precision": 0.5, "recall": 0.008264462809917356, "f1-score": 0.016260162601626018, "support": 121}, "micro avg": {"precision": 0.7924528301886793, "recall": 0.7924528301886793, "f1-score": 0.7924528301886793, "support": 583}, "macro avg": {"precision": 0.6467297762478486, "recall": 0.5030499803227076, "f1-score": 0.45012432866418783, "support": 583}, "weighted avg": {"precision": 0.7325528529211185, "recall": 0.7924528301886793, "f1-score": 0.7038939352290824, "support": 583}, "kappa": 0.009575289575289636}