{"0": {"precision": 0.7771260997067448, "recall": 0.7614942528735632, "f1-score": 0.7692307692307693, "support": 348}, "1": {"precision": 0.6570247933884298, "recall": 0.676595744680851, "f1-score": 0.6666666666666666, "support": 235}, "micro avg": {"precision": 0.7272727272727273, "recall": 0.7272727272727273, "f1-score": 0.7272727272727273, "support": 583}, "macro avg": {"precision": 0.7170754465475873, "recall": 0.7190449987772072, "f1-score": 0.717948717948718, "support": 583}, "weighted avg": {"precision": 0.7287147669712318, "recall": 0.7272727272727273, "f1-score": 0.7278884637375204, "support": 583}, "kappa": 0.43598152734087414}