{"0": {"precision": 0.6224899598393574, "recall": 0.8908045977011494, "f1-score": 0.7328605200945627, "support": 348}, "1": {"precision": 0.5529411764705883, "recall": 0.2, "f1-score": 0.29375, "support": 235}, "micro avg": {"precision": 0.6123499142367067, "recall": 0.6123499142367067, "f1-score": 0.6123499142367067, "support": 583}, "macro avg": {"precision": 0.5877155681549728, "recall": 0.5454022988505747, "f1-score": 0.5133052600472814, "support": 583}, "weighted avg": {"precision": 0.5944557161143819, "recall": 0.6123499142367067, "f1-score": 0.5558605677408367, "support": 583}, "kappa": 0.10130277607257343}