{"0": {"precision": 0.5417439703153989, "recall": 0.9511400651465798, "f1-score": 0.6903073286052009, "support": 307}, "1": {"precision": 0.3333333333333333, "recall": 0.005988023952095809, "f1-score": 0.011764705882352941, "support": 167}, "2": {"precision": 0.25, "recall": 0.014492753623188406, "f1-score": 0.0273972602739726, "support": 69}, "3": {"precision": 0.0625, "recall": 0.05714285714285714, "f1-score": 0.05970149253731344, "support": 35}, "micro avg": {"precision": 0.5121107266435986, "recall": 0.5121107266435986, "f1-score": 0.5121107266435986, "support": 578}, "macro avg": {"precision": 0.29689432591218307, "recall": 0.2571909249661803, "f1-score": 0.19729269682470996, "support": 578}, "weighted avg": {"precision": 0.41768090926210055, "recall": 0.5121107266435986, "f1-score": 0.3769360189651552, "support": 578}, "kappa": 0.022301666326763114}