{"0": {"precision": 0.0, "recall": 0.0, "f1-score": 0.0, "support": 183}, "1": {"precision": 0.6855670103092784, "recall": 0.9975, "f1-score": 0.8126272912423624, "support": 400}, "micro avg": {"precision": 0.6843910806174958, "recall": 0.6843910806174958, "f1-score": 0.6843910806174958, "support": 583}, "macro avg": {"precision": 0.3427835051546392, "recall": 0.49875, "f1-score": 0.4063136456211812, "support": 583}, "weighted avg": {"precision": 0.4703718767130555, "recall": 0.6843910806174958, "f1-score": 0.557548741847247, "support": 583}, "kappa": -0.003423568368473129}