{"0": {"precision": 0.7408906882591093, "recall": 0.9265822784810127, "f1-score": 0.8233970753655793, "support": 395}, "1": {"precision": 0.6741573033707865, "recall": 0.3191489361702128, "f1-score": 0.4332129963898917, "support": 188}, "micro avg": {"precision": 0.7307032590051458, "recall": 0.7307032590051458, "f1-score": 0.7307032590051458, "support": 583}, "macro avg": {"precision": 0.707523995814948, "recall": 0.6228656073256127, "f1-score": 0.6283050358777355, "support": 583}, "weighted avg": {"precision": 0.7193711747788268, "recall": 0.7307032590051458, "f1-score": 0.6975744221109836, "support": 583}, "kappa": 0.28506486912916795}