{"0": {"precision": 0.9083820662768031, "recall": 0.9357429718875502, "f1-score": 0.9218595450049455, "support": 498}, "1": {"precision": 0.5428571428571428, "recall": 0.4470588235294118, "f1-score": 0.49032258064516127, "support": 85}, "micro avg": {"precision": 0.8644939965694682, "recall": 0.8644939965694682, "f1-score": 0.8644939965694683, "support": 583}, "macro avg": {"precision": 0.7256196045669729, "recall": 0.691400897708481, "f1-score": 0.7060910628250534, "support": 583}, "weighted avg": {"precision": 0.8550894102036107, "recall": 0.8644939965694682, "f1-score": 0.8589424918821639, "support": 583}, "kappa": 0.41302491556745047}