{"0": {"precision": 0.8987783595113438, "recall": 1.0, "f1-score": 0.9466911764705882, "support": 515}, "1": {"precision": 1.0, "recall": 0.14705882352941177, "f1-score": 0.25641025641025644, "support": 68}, "micro avg": {"precision": 0.9005145797598628, "recall": 0.9005145797598628, "f1-score": 0.9005145797598627, "support": 583}, "macro avg": {"precision": 0.9493891797556719, "recall": 0.5735294117647058, "f1-score": 0.6015507164404224, "support": 583}, "weighted avg": {"precision": 0.9105846572012729, "recall": 0.9005145797598628, "f1-score": 0.8661781360518874, "support": 583}, "kappa": 0.23348596817336897}