{"0": {"precision": 0.805921052631579, "recall": 0.7040229885057471, "f1-score": 0.7515337423312884, "support": 348}, "1": {"precision": 0.6308243727598566, "recall": 0.7489361702127659, "f1-score": 0.6848249027237353, "support": 235}, "micro avg": {"precision": 0.7221269296740995, "recall": 0.7221269296740995, "f1-score": 0.7221269296740995, "support": 583}, "macro avg": {"precision": 0.7183727126957178, "recall": 0.7264795793592564, "f1-score": 0.7181793225275119, "support": 583}, "weighted avg": {"precision": 0.735341773438003, "recall": 0.7221269296740995, "f1-score": 0.7246442443762713, "support": 583}, "kappa": 0.43959604110792017}