{"0": {"precision": 0.8071979434447301, "recall": 0.7949367088607595, "f1-score": 0.8010204081632654, "support": 395}, "1": {"precision": 0.5824742268041238, "recall": 0.601063829787234, "f1-score": 0.5916230366492147, "support": 188}, "micro avg": {"precision": 0.7324185248713551, "recall": 0.7324185248713551, "f1-score": 0.7324185248713551, "support": 583}, "macro avg": {"precision": 0.6948360851244268, "recall": 0.6980002693239968, "f1-score": 0.69632172240624, "support": 583}, "weighted avg": {"precision": 0.7347312903942429, "recall": 0.7324185248713551, "f1-score": 0.7334960413628511, "support": 583}, "kappa": 0.3927164434235654}