{"0": {"precision": 0.8006993006993007, "recall": 0.9913419913419913, "f1-score": 0.8858800773694391, "support": 462}, "1": {"precision": 0.6363636363636364, "recall": 0.05785123966942149, "f1-score": 0.10606060606060605, "support": 121}, "micro avg": {"precision": 0.7975986277873071, "recall": 0.7975986277873071, "f1-score": 0.7975986277873071, "support": 583}, "macro avg": {"precision": 0.7185314685314685, "recall": 0.5245966155057064, "f1-score": 0.4959703417150226, "support": 583}, "weighted avg": {"precision": 0.7665918986673704, "recall": 0.7975986277873071, "f1-score": 0.7240307531355302, "support": 583}, "kappa": 0.07403020432336394}