{"0": {"precision": 0.6239837398373984, "recall": 0.882183908045977, "f1-score": 0.7309523809523809, "support": 348}, "1": {"precision": 0.5494505494505495, "recall": 0.2127659574468085, "f1-score": 0.3067484662576687, "support": 235}, "micro avg": {"precision": 0.6123499142367067, "recall": 0.6123499142367067, "f1-score": 0.6123499142367067, "support": 583}, "macro avg": {"precision": 0.586717144643974, "recall": 0.5474749327463928, "f1-score": 0.5188504236050249, "support": 583}, "weighted avg": {"precision": 0.5939403440553924, "recall": 0.6123499142367067, "f1-score": 0.5599610945831573, "support": 583}, "kappa": 0.10543968279832705}