{"0": {"precision": 0.7926829268292683, "recall": 0.6532663316582915, "f1-score": 0.7162534435261708, "support": 199}, "1": {"precision": 0.8345323741007195, "recall": 0.9109947643979057, "f1-score": 0.8710888610763454, "support": 382}, "micro avg": {"precision": 0.8227194492254734, "recall": 0.8227194492254734, "f1-score": 0.8227194492254734, "support": 581}, "macro avg": {"precision": 0.8136076504649938, "recall": 0.7821305480280987, "f1-score": 0.7936711523012581, "support": 581}, "weighted avg": {"precision": 0.8201983981850245, "recall": 0.8227194492254734, "f1-score": 0.8180557318293836, "support": 581}, "kappa": 0.5890778749030083}