{"0": {"precision": 0.8613138686131386, "recall": 0.592964824120603, "f1-score": 0.7023809523809523, "support": 199}, "1": {"precision": 0.8175675675675675, "recall": 0.9502617801047121, "f1-score": 0.8789346246973365, "support": 382}, "micro avg": {"precision": 0.8278829604130808, "recall": 0.8278829604130808, "f1-score": 0.8278829604130808, "support": 581}, "macro avg": {"precision": 0.8394407180903531, "recall": 0.7716133021126576, "f1-score": 0.7906577885391444, "support": 581}, "weighted avg": {"precision": 0.8325512403869628, "recall": 0.8278829604130808, "f1-score": 0.8184627128368194, "support": 581}, "kappa": 0.587035325893809}