{"0": {"precision": 0.869120654396728, "recall": 0.9199134199134199, "f1-score": 0.893796004206099, "support": 462}, "1": {"precision": 0.6063829787234043, "recall": 0.47107438016528924, "f1-score": 0.5302325581395348, "support": 121}, "micro avg": {"precision": 0.8267581475128645, "recall": 0.8267581475128645, "f1-score": 0.8267581475128645, "support": 583}, "macro avg": {"precision": 0.7377518165600662, "recall": 0.6954939000393545, "f1-score": 0.712014281172817, "support": 583}, "weighted avg": {"precision": 0.814590193407925, "recall": 0.8267581475128645, "f1-score": 0.8183394399281329, "support": 583}, "kappa": 0.4260748364961938}