{"0": {"precision": 0.8539518900343642, "recall": 0.9979919678714859, "f1-score": 0.9203703703703703, "support": 498}, "1": {"precision": 0.0, "recall": 0.0, "f1-score": 0.0, "support": 85}, "micro avg": {"precision": 0.8524871355060034, "recall": 0.8524871355060034, "f1-score": 0.8524871355060034, "support": 583}, "macro avg": {"precision": 0.4269759450171821, "recall": 0.49899598393574296, "f1-score": 0.46018518518518514, "support": 583}, "weighted avg": {"precision": 0.7294477551236936, "recall": 0.8524871355060034, "f1-score": 0.786182580522203, "support": 583}, "kappa": -0.003402177393531991}