{"0": {"precision": 0.9006085192697769, "recall": 0.9117043121149897, "f1-score": 0.9061224489795918, "support": 487}, "1": {"precision": 0.5222222222222223, "recall": 0.4895833333333333, "f1-score": 0.5053763440860215, "support": 96}, "micro avg": {"precision": 0.8421955403087479, "recall": 0.8421955403087479, "f1-score": 0.8421955403087479, "support": 583}, "macro avg": {"precision": 0.7114153707459996, "recall": 0.7006438227241615, "f1-score": 0.7057493965328067, "support": 583}, "weighted avg": {"precision": 0.838301341711346, "recall": 0.8421955403087479, "f1-score": 0.840133381964527, "support": 583}, "kappa": 0.41161499813510616}