{"0": {"precision": 0.8207070707070707, "recall": 0.8227848101265823, "f1-score": 0.8217446270543616, "support": 395}, "1": {"precision": 0.6256684491978609, "recall": 0.6223404255319149, "f1-score": 0.6240000000000001, "support": 188}, "micro avg": {"precision": 0.758147512864494, "recall": 0.758147512864494, "f1-score": 0.758147512864494, "support": 583}, "macro avg": {"precision": 0.7231877599524659, "recall": 0.7225626178292486, "f1-score": 0.7228723135271808, "support": 583}, "weighted avg": {"precision": 0.7578129697744268, "recall": 0.758147512864494, "f1-score": 0.7579779205599877, "support": 583}, "kappa": 0.4457464955870355}