{"0": {"precision": 0.0, "recall": 0.0, "f1-score": 0.0, "support": 183}, "1": {"precision": 0.6861063464837049, "recall": 1.0, "f1-score": 0.8138351983723295, "support": 400}, "micro avg": {"precision": 0.6861063464837049, "recall": 0.6861063464837049, "f1-score": 0.6861063464837049, "support": 583}, "macro avg": {"precision": 0.34305317324185247, "recall": 0.5, "f1-score": 0.40691759918616477, "support": 583}, "weighted avg": {"precision": 0.4707419186852178, "recall": 0.6861063464837049, "f1-score": 0.5583774945950803, "support": 583}, "kappa": 0.0}