{"0": {"precision": 0.5785714285714286, "recall": 0.4426229508196721, "f1-score": 0.5015479876160991, "support": 183}, "1": {"precision": 0.7697516930022573, "recall": 0.8525, "f1-score": 0.8090154211150653, "support": 400}, "micro avg": {"precision": 0.7238421955403087, "recall": 0.7238421955403087, "f1-score": 0.7238421955403087, "support": 583}, "macro avg": {"precision": 0.674161560786843, "recall": 0.6475614754098361, "f1-score": 0.6552817043655822, "support": 583}, "weighted avg": {"precision": 0.7097414213198531, "recall": 0.7238421955403087, "f1-score": 0.7125033450767964, "support": 583}, "kappa": 0.31521350560666517}