{"0": {"precision": 0.5343915343915344, "recall": 0.9869706840390879, "f1-score": 0.6933638443935927, "support": 307}, "1": {"precision": 0.3333333333333333, "recall": 0.005988023952095809, "f1-score": 0.011764705882352941, "support": 167}, "2": {"precision": 0.0, "recall": 0.0, "f1-score": 0.0, "support": 69}, "3": {"precision": 0.25, "recall": 0.05714285714285714, "f1-score": 0.09302325581395347, "support": 35}, "micro avg": {"precision": 0.5294117647058824, "recall": 0.5294117647058824, "f1-score": 0.5294117647058824, "support": 578}, "macro avg": {"precision": 0.2794312169312169, "recall": 0.2625253912835102, "f1-score": 0.19953795152247475, "support": 578}, "weighted avg": {"precision": 0.39528523827831785, "recall": 0.5294117647058824, "f1-score": 0.377306609108433, "support": 578}, "kappa": 0.012673172814851252}