{"0": {"precision": 0.801980198019802, "recall": 0.8202531645569621, "f1-score": 0.8110137672090112, "support": 395}, "1": {"precision": 0.6033519553072626, "recall": 0.574468085106383, "f1-score": 0.5885558583106267, "support": 188}, "micro avg": {"precision": 0.7409948542024014, "recall": 0.7409948542024014, "f1-score": 0.7409948542024014, "support": 583}, "macro avg": {"precision": 0.7026660766635323, "recall": 0.6973606248316726, "f1-score": 0.699784812759819, "support": 583}, "weighted avg": {"precision": 0.7379285519992919, "recall": 0.7409948542024014, "f1-score": 0.7392777691422937, "support": 583}, "kappa": 0.3997354371083549}