{"0": {"precision": 0.6977401129943502, "recall": 0.8045602605863192, "f1-score": 0.7473524962178517, "support": 307}, "1": {"precision": 0.5436893203883495, "recall": 0.6706586826347305, "f1-score": 0.6005361930294906, "support": 167}, "2": {"precision": 0.3333333333333333, "recall": 0.08695652173913043, "f1-score": 0.13793103448275862, "support": 69}, "3": {"precision": 0.0, "recall": 0.0, "f1-score": 0.0, "support": 35}, "micro avg": {"precision": 0.6314878892733564, "recall": 0.6314878892733564, "f1-score": 0.6314878892733564, "support": 578}, "macro avg": {"precision": 0.3936906916790082, "recall": 0.390543866240045, "f1-score": 0.37145493093252524, "support": 578}, "weighted avg": {"precision": 0.5674780816507264, "recall": 0.6314878892733564, "f1-score": 0.5869273390209616, "support": 578}, "kappa": 0.3512188952477314}