{"0": {"precision": 0.8244047619047619, "recall": 0.7959770114942529, "f1-score": 0.8099415204678363, "support": 348}, "1": {"precision": 0.7125506072874493, "recall": 0.7489361702127659, "f1-score": 0.7302904564315353, "support": 235}, "micro avg": {"precision": 0.7770154373927959, "recall": 0.7770154373927959, "f1-score": 0.7770154373927959, "support": 583}, "macro avg": {"precision": 0.7684776845961057, "recall": 0.7724565908535095, "f1-score": 0.7701159884496858, "support": 583}, "weighted avg": {"precision": 0.7793177527537011, "recall": 0.7770154373927959, "f1-score": 0.7778351739008882, "support": 583}, "kappa": 0.5404327051347353}