{"0": {"precision": 0.5939849624060151, "recall": 0.43169398907103823, "f1-score": 0.5, "support": 183}, "1": {"precision": 0.7688888888888888, "recall": 0.865, "f1-score": 0.8141176470588234, "support": 400}, "micro avg": {"precision": 0.7289879931389366, "recall": 0.7289879931389366, "f1-score": 0.7289879931389367, "support": 583}, "macro avg": {"precision": 0.681436925647452, "recall": 0.6483469945355191, "f1-score": 0.6570588235294117, "support": 583}, "weighted avg": {"precision": 0.7139876563908342, "recall": 0.7289879931389366, "f1-score": 0.7155181111895872, "support": 583}, "kappa": 0.32044264109184806}