{"0": {"precision": 0.3055555555555556, "recall": 0.12021857923497267, "f1-score": 0.17254901960784313, "support": 183}, "1": {"precision": 0.684931506849315, "recall": 0.875, "f1-score": 0.7683863885839736, "support": 400}, "micro avg": {"precision": 0.6380789022298456, "recall": 0.6380789022298456, "f1-score": 0.6380789022298456, "support": 583}, "macro avg": {"precision": 0.4952435312024353, "recall": 0.49760928961748635, "f1-score": 0.4704677040959083, "support": 583}, "weighted avg": {"precision": 0.565847803441497, "recall": 0.6380789022298456, "f1-score": 0.5813568199345193, "support": 583}, "kappa": -0.0057230220826895994}