{"0": {"precision": 0.9071428571428571, "recall": 0.9864077669902913, "f1-score": 0.9451162790697674, "support": 515}, "1": {"precision": 0.6956521739130435, "recall": 0.23529411764705882, "f1-score": 0.3516483516483516, "support": 68}, "micro avg": {"precision": 0.8987993138936535, "recall": 0.8987993138936535, "f1-score": 0.8987993138936535, "support": 583}, "macro avg": {"precision": 0.8013975155279502, "recall": 0.6108509423186751, "f1-score": 0.6483823153590595, "support": 583}, "weighted avg": {"precision": 0.8824749901452117, "recall": 0.8987993138936535, "f1-score": 0.8758953201252454, "support": 583}, "kappa": 0.3110265398097145}