{"0": {"precision": 0.5405405405405406, "recall": 0.4371584699453552, "f1-score": 0.4833836858006042, "support": 183}, "1": {"precision": 0.7632183908045977, "recall": 0.83, "f1-score": 0.7952095808383233, "support": 400}, "micro avg": {"precision": 0.7066895368782161, "recall": 0.7066895368782161, "f1-score": 0.7066895368782161, "support": 583}, "macro avg": {"precision": 0.6518794656725692, "recall": 0.6335792349726775, "f1-score": 0.6392966333194637, "support": 583}, "weighted avg": {"precision": 0.6933212268280583, "recall": 0.7066895368782161, "f1-score": 0.6973294113839449, "support": 583}, "kappa": 0.2817765930622095}