{"0": {"precision": 0.7741935483870968, "recall": 0.850632911392405, "f1-score": 0.8106151990349819, "support": 395}, "1": {"precision": 0.6040268456375839, "recall": 0.4787234042553192, "f1-score": 0.5341246290801186, "support": 188}, "micro avg": {"precision": 0.7307032590051458, "recall": 0.7307032590051458, "f1-score": 0.7307032590051458, "support": 583}, "macro avg": {"precision": 0.6891101970123403, "recall": 0.6646781578238621, "f1-score": 0.6723699140575503, "support": 583}, "weighted avg": {"precision": 0.7193198946702728, "recall": 0.7307032590051458, "f1-score": 0.7214552896841855, "support": 583}, "kappa": 0.34828796627909464}