{"0": {"precision": 0.7160493827160493, "recall": 0.5829145728643216, "f1-score": 0.6426592797783933, "support": 199}, "1": {"precision": 0.801909307875895, "recall": 0.8795811518324608, "f1-score": 0.8389513108614232, "support": 382}, "micro avg": {"precision": 0.7779690189328744, "recall": 0.7779690189328744, "f1-score": 0.7779690189328745, "support": 581}, "macro avg": {"precision": 0.7589793452959721, "recall": 0.7312478623483911, "f1-score": 0.7408052953199082, "support": 581}, "weighted avg": {"precision": 0.7725011751619375, "recall": 0.7779690189328744, "f1-score": 0.7717187563252391, "support": 581}, "kappa": 0.484053281933019}