{"0": {"precision": 0.7924528301886793, "recall": 1.0, "f1-score": 0.8842105263157896, "support": 462}, "1": {"precision": 0.0, "recall": 0.0, "f1-score": 0.0, "support": 121}, "micro avg": {"precision": 0.7924528301886793, "recall": 0.7924528301886793, "f1-score": 0.7924528301886793, "support": 583}, "macro avg": {"precision": 0.39622641509433965, "recall": 0.5, "f1-score": 0.4421052631578948, "support": 583}, "weighted avg": {"precision": 0.6279814880740477, "recall": 0.7924528301886793, "f1-score": 0.7006951340615691, "support": 583}, "kappa": 0.0}