{"0": {"precision": 0.9070247933884298, "recall": 0.9014373716632443, "f1-score": 0.9042224510813595, "support": 487}, "1": {"precision": 0.5151515151515151, "recall": 0.53125, "f1-score": 0.5230769230769231, "support": 96}, "micro avg": {"precision": 0.8404802744425386, "recall": 0.8404802744425386, "f1-score": 0.8404802744425386, "support": 583}, "macro avg": {"precision": 0.7110881542699725, "recall": 0.7163436858316221, "f1-score": 0.7136496870791413, "support": 583}, "weighted avg": {"precision": 0.8424967750166565, "recall": 0.8404802744425386, "f1-score": 0.8414609233139051, "support": 583}, "kappa": 0.42732659463227607}