{"0": {"precision": 0.8882575757575758, "recall": 0.9630390143737166, "f1-score": 0.9241379310344828, "support": 487}, "1": {"precision": 0.6727272727272727, "recall": 0.3854166666666667, "f1-score": 0.4900662251655629, "support": 96}, "micro avg": {"precision": 0.8679245283018868, "recall": 0.8679245283018868, "f1-score": 0.8679245283018869, "support": 583}, "macro avg": {"precision": 0.7804924242424243, "recall": 0.6742278405201917, "f1-score": 0.7071020781000229, "support": 583}, "weighted avg": {"precision": 0.8527671656531005, "recall": 0.8679245283018868, "f1-score": 0.852661286500321, "support": 583}, "kappa": 0.4205594207014056}