{"0": {"precision": 0.23809523809523808, "recall": 0.02512562814070352, "f1-score": 0.045454545454545456, "support": 199}, "1": {"precision": 0.6535714285714286, "recall": 0.9581151832460733, "f1-score": 0.7770700636942676, "support": 382}, "micro avg": {"precision": 0.6385542168674698, "recall": 0.6385542168674698, "f1-score": 0.6385542168674698, "support": 581}, "macro avg": {"precision": 0.4458333333333333, "recall": 0.4916204056933884, "f1-score": 0.4112623045744065, "support": 581}, "weighted avg": {"precision": 0.5112654700434391, "recall": 0.6385542168674698, "f1-score": 0.5264823044348791, "support": 581}, "kappa": -0.021328958162428302}