{"0": {"precision": 1.0, "recall": 0.49246231155778897, "f1-score": 0.6599326599326599, "support": 199}, "1": {"precision": 0.7908902691511387, "recall": 1.0, "f1-score": 0.8832369942196531, "support": 382}, "micro avg": {"precision": 0.8261617900172117, "recall": 0.8261617900172117, "f1-score": 0.8261617900172117, "support": 581}, "macro avg": {"precision": 0.8954451345755694, "recall": 0.7462311557788945, "f1-score": 0.7715848270761565, "support": 581}, "weighted avg": {"precision": 0.8625130513179604, "recall": 0.8261617900172117, "f1-score": 0.806752377140287, "support": 581}, "kappa": 0.5606163845065255}