{"0": {"precision": 0.34375, "recall": 0.060109289617486336, "f1-score": 0.10232558139534882, "support": 183}, "1": {"precision": 0.6878402903811253, "recall": 0.9475, "f1-score": 0.7970557308096742, "support": 400}, "micro avg": {"precision": 0.6689536878216124, "recall": 0.6689536878216124, "f1-score": 0.6689536878216124, "support": 583}, "macro avg": {"precision": 0.5157951451905627, "recall": 0.5038046448087432, "f1-score": 0.4496906561025115, "support": 583}, "weighted avg": {"precision": 0.5798325319939109, "recall": 0.6689536878216124, "f1-score": 0.57898434600209, "support": 583}, "kappa": 0.009803490183309616}