{"0": {"precision": 0.8006644518272426, "recall": 0.6925287356321839, "f1-score": 0.7426810477657935, "support": 348}, "1": {"precision": 0.6205673758865248, "recall": 0.7446808510638298, "f1-score": 0.6769825918762088, "support": 235}, "micro avg": {"precision": 0.7135506003430532, "recall": 0.7135506003430532, "f1-score": 0.7135506003430532, "support": 583}, "macro avg": {"precision": 0.7106159138568837, "recall": 0.7186047933480069, "f1-score": 0.7098318198210012, "support": 583}, "weighted avg": {"precision": 0.7280695755904181, "recall": 0.7135506003430532, "f1-score": 0.7161988228360294, "support": 583}, "kappa": 0.42345932694186683}