{"0": {"precision": 0.7549019607843137, "recall": 0.3869346733668342, "f1-score": 0.5116279069767442, "support": 199}, "1": {"precision": 0.7453027139874739, "recall": 0.9345549738219895, "f1-score": 0.8292682926829269, "support": 382}, "micro avg": {"precision": 0.7469879518072289, "recall": 0.7469879518072289, "f1-score": 0.7469879518072289, "support": 581}, "macro avg": {"precision": 0.7501023373858938, "recall": 0.6607448235944118, "f1-score": 0.6704480998298356, "support": 581}, "weighted avg": {"precision": 0.748590579929937, "recall": 0.7469879518072289, "f1-score": 0.7204723602293462, "support": 581}, "kappa": 0.3639870424842685}