{"0": {"precision": 0.34615384615384615, "recall": 0.04918032786885246, "f1-score": 0.08612440191387559, "support": 183}, "1": {"precision": 0.6876122082585279, "recall": 0.9575, "f1-score": 0.800417972831766, "support": 400}, "micro avg": {"precision": 0.6723842195540308, "recall": 0.6723842195540308, "f1-score": 0.6723842195540308, "support": 583}, "macro avg": {"precision": 0.5168830272061871, "recall": 0.5033401639344263, "f1-score": 0.4432711873728208, "support": 583}, "weighted avg": {"precision": 0.5804305954537994, "recall": 0.6723842195540308, "f1-score": 0.5762057541731486, "support": 583}, "kappa": 0.008706412299365307}