{"0": {"precision": 0.7526881720430108, "recall": 0.8860759493670886, "f1-score": 0.8139534883720929, "support": 395}, "1": {"precision": 0.6186440677966102, "recall": 0.3882978723404255, "f1-score": 0.4771241830065359, "support": 188}, "micro avg": {"precision": 0.725557461406518, "recall": 0.725557461406518, "f1-score": 0.725557461406518, "support": 583}, "macro avg": {"precision": 0.6856661199198104, "recall": 0.637186910853757, "f1-score": 0.6455388356893144, "support": 583}, "weighted avg": {"precision": 0.7094629720458867, "recall": 0.725557461406518, "f1-score": 0.7053361480483799, "support": 583}, "kappa": 0.30403640975900925}