{"0": {"precision": 0.24161073825503357, "recall": 0.19672131147540983, "f1-score": 0.2168674698795181, "support": 183}, "1": {"precision": 0.6612903225806451, "recall": 0.7175, "f1-score": 0.6882494004796162, "support": 400}, "micro avg": {"precision": 0.5540308747855918, "recall": 0.5540308747855918, "f1-score": 0.5540308747855918, "support": 583}, "macro avg": {"precision": 0.45145053041783934, "recall": 0.45711065573770493, "f1-score": 0.4525584351795672, "support": 583}, "weighted avg": {"precision": 0.5295555645504788, "recall": 0.5540308747855918, "f1-score": 0.5402856040819868, "support": 583}, "kappa": -0.09033102674396853}