{"0": {"precision": 0.9092702169625246, "recall": 0.9257028112449799, "f1-score": 0.917412935323383, "support": 498}, "1": {"precision": 0.5131578947368421, "recall": 0.4588235294117647, "f1-score": 0.48447204968944096, "support": 85}, "micro avg": {"precision": 0.8576329331046312, "recall": 0.8576329331046312, "f1-score": 0.8576329331046312, "support": 583}, "macro avg": {"precision": 0.7112140558496833, "recall": 0.6922631703283723, "f1-score": 0.7009424925064119, "support": 583}, "weighted avg": {"precision": 0.8515179915951439, "recall": 0.8576329331046312, "f1-score": 0.8542911938501667, "support": 583}, "kappa": 0.4021842531163905}