{"0": {"precision": 0.8958742632612967, "recall": 0.9363449691991786, "f1-score": 0.9156626506024097, "support": 487}, "1": {"precision": 0.581081081081081, "recall": 0.4479166666666667, "f1-score": 0.5058823529411766, "support": 96}, "micro avg": {"precision": 0.855917667238422, "recall": 0.855917667238422, "f1-score": 0.8559176672384219, "support": 583}, "macro avg": {"precision": 0.7384776721711889, "recall": 0.6921308179329226, "f1-score": 0.7107725017717932, "support": 583}, "weighted avg": {"precision": 0.8440386792316213, "recall": 0.855917667238422, "f1-score": 0.8481859635089648, "support": 583}, "kappa": 0.423193799910485}