{"0": {"precision": 0.6793760831889082, "recall": 0.9924050632911392, "f1-score": 0.8065843621399178, "support": 395}, "1": {"precision": 0.5, "recall": 0.015957446808510637, "f1-score": 0.03092783505154639, "support": 188}, "micro avg": {"precision": 0.6775300171526587, "recall": 0.6775300171526587, "f1-score": 0.6775300171526587, "support": 583}, "macro avg": {"precision": 0.5896880415944541, "recall": 0.5041812550498249, "f1-score": 0.4187560985957321, "support": 583}, "weighted avg": {"precision": 0.6215326807197576, "recall": 0.6775300171526587, "f1-score": 0.5564584151543023, "support": 583}, "kappa": 0.011204734496508606}