{"0": {"precision": 0.9067460317460317, "recall": 0.9383983572895277, "f1-score": 0.922300706357215, "support": 487}, "1": {"precision": 0.620253164556962, "recall": 0.5104166666666666, "f1-score": 0.5599999999999999, "support": 96}, "micro avg": {"precision": 0.8679245283018868, "recall": 0.8679245283018868, "f1-score": 0.8679245283018869, "support": 583}, "macro avg": {"precision": 0.7634995981514969, "recall": 0.7244075119780972, "f1-score": 0.7411503531786074, "support": 583}, "weighted avg": {"precision": 0.8595705338898556, "recall": 0.8679245283018868, "f1-score": 0.8626422710050835, "support": 583}, "kappa": 0.4831619788848337}