{"0": {"precision": 0.6595744680851063, "recall": 0.15577889447236182, "f1-score": 0.2520325203252033, "support": 199}, "1": {"precision": 0.6853932584269663, "recall": 0.9581151832460733, "f1-score": 0.7991266375545851, "support": 382}, "micro avg": {"precision": 0.6833046471600689, "recall": 0.6833046471600689, "f1-score": 0.6833046471600689, "support": 581}, "macro avg": {"precision": 0.6724838632560364, "recall": 0.5569470388592175, "f1-score": 0.5255795789398943, "support": 581}, "weighted avg": {"precision": 0.6765499894458473, "recall": 0.6833046471600689, "f1-score": 0.6117398400870344, "support": 581}, "kappa": 0.1393978425374336}