{"0": {"precision": 0.810880829015544, "recall": 0.7924050632911392, "f1-score": 0.8015364916773366, "support": 395}, "1": {"precision": 0.583756345177665, "recall": 0.6117021276595744, "f1-score": 0.5974025974025974, "support": 188}, "micro avg": {"precision": 0.7341337907375644, "recall": 0.7341337907375644, "f1-score": 0.7341337907375644, "support": 583}, "macro avg": {"precision": 0.6973185870966045, "recall": 0.7020535954753568, "f1-score": 0.699469544539967, "support": 583}, "weighted avg": {"precision": 0.737640000608132, "recall": 0.7341337907375644, "f1-score": 0.7357094382920004, "support": 583}, "kappa": 0.39910096220982416}