{"0": {"precision": 0.0, "recall": 0.0, "f1-score": 0.0, "support": 199}, "1": {"precision": 0.657487091222031, "recall": 1.0, "f1-score": 0.7933541017653167, "support": 382}, "micro avg": {"precision": 0.657487091222031, "recall": 0.657487091222031, "f1-score": 0.657487091222031, "support": 581}, "macro avg": {"precision": 0.3287435456110155, "recall": 0.5, "f1-score": 0.39667705088265837, "support": 581}, "weighted avg": {"precision": 0.43228927512360726, "recall": 0.657487091222031, "f1-score": 0.5216200806787453, "support": 581}, "kappa": 0.0}