{"0": {"precision": 0.7889447236180904, "recall": 0.7949367088607595, "f1-score": 0.7919293820933165, "support": 395}, "1": {"precision": 0.5621621621621622, "recall": 0.5531914893617021, "f1-score": 0.5576407506702412, "support": 188}, "micro avg": {"precision": 0.7169811320754716, "recall": 0.7169811320754716, "f1-score": 0.7169811320754716, "support": 583}, "macro avg": {"precision": 0.6755534428901263, "recall": 0.6740640991112308, "f1-score": 0.6747850663817789, "support": 583}, "weighted avg": {"precision": 0.7158141549153211, "recall": 0.7169811320754716, "f1-score": 0.7163783311369905, "support": 583}, "kappa": 0.3495899228527577}