{"0": {"precision": 0.7862407862407862, "recall": 0.810126582278481, "f1-score": 0.798004987531172, "support": 395}, "1": {"precision": 0.5738636363636364, "recall": 0.5372340425531915, "f1-score": 0.554945054945055, "support": 188}, "micro avg": {"precision": 0.7221269296740995, "recall": 0.7221269296740995, "f1-score": 0.7221269296740995, "support": 583}, "macro avg": {"precision": 0.6800522113022113, "recall": 0.6736803124158363, "f1-score": 0.6764750212381134, "support": 583}, "weighted avg": {"precision": 0.7177555303627344, "recall": 0.7221269296740995, "f1-score": 0.7196254552392508, "support": 583}, "kappa": 0.3532690569448629}