{"0": {"precision": 0.5965217391304348, "recall": 0.985632183908046, "f1-score": 0.743228602383532, "support": 348}, "1": {"precision": 0.375, "recall": 0.01276595744680851, "f1-score": 0.024691358024691357, "support": 235}, "micro avg": {"precision": 0.5934819897084048, "recall": 0.5934819897084048, "f1-score": 0.5934819897084048, "support": 583}, "macro avg": {"precision": 0.4857608695652174, "recall": 0.49919907067742725, "f1-score": 0.3839599802041117, "support": 583}, "weighted avg": {"precision": 0.5072290998583041, "recall": 0.5934819897084048, "f1-score": 0.45359523630406806, "support": 583}, "kappa": -0.0018998034936079655}