{"0": {"precision": 0.8135048231511254, "recall": 0.7270114942528736, "f1-score": 0.7678300455235205, "support": 348}, "1": {"precision": 0.6507352941176471, "recall": 0.7531914893617021, "f1-score": 0.6982248520710059, "support": 235}, "micro avg": {"precision": 0.7375643224699828, "recall": 0.7375643224699828, "f1-score": 0.7375643224699828, "support": 583}, "macro avg": {"precision": 0.7321200586343862, "recall": 0.7401014918072879, "f1-score": 0.7330274487972632, "support": 583}, "weighted avg": {"precision": 0.7478944641067559, "recall": 0.7375643224699828, "f1-score": 0.7397730636001228, "support": 583}, "kappa": 0.46823376514984416}