{"0": {"precision": 0.21621621621621623, "recall": 0.08743169398907104, "f1-score": 0.1245136186770428, "support": 183}, "1": {"precision": 0.6719056974459725, "recall": 0.855, "f1-score": 0.7524752475247525, "support": 400}, "micro avg": {"precision": 0.614065180102916, "recall": 0.614065180102916, "f1-score": 0.614065180102916, "support": 583}, "macro avg": {"precision": 0.44406095683109437, "recall": 0.4712158469945355, "f1-score": 0.43849443310089764, "support": 583}, "weighted avg": {"precision": 0.5288676613138191, "recall": 0.614065180102916, "f1-score": 0.5553620775777012, "support": 583}, "kappa": -0.06866155588323952}