{"0": {"precision": 0.8988095238095238, "recall": 0.9301848049281314, "f1-score": 0.9142280524722504, "support": 487}, "1": {"precision": 0.569620253164557, "recall": 0.46875, "f1-score": 0.5142857142857143, "support": 96}, "micro avg": {"precision": 0.8542024013722127, "recall": 0.8542024013722127, "f1-score": 0.8542024013722127, "support": 583}, "macro avg": {"precision": 0.7342148884870404, "recall": 0.6994674024640657, "f1-score": 0.7142568833789824, "support": 583}, "weighted avg": {"precision": 0.844603400341399, "recall": 0.8542024013722127, "f1-score": 0.8483713381224948, "support": 583}, "kappa": 0.4294645221455956}