{"0": {"precision": 0.35555555555555557, "recall": 0.08743169398907104, "f1-score": 0.14035087719298245, "support": 183}, "1": {"precision": 0.6895910780669146, "recall": 0.9275, "f1-score": 0.791044776119403, "support": 400}, "micro avg": {"precision": 0.6638078902229846, "recall": 0.6638078902229846, "f1-score": 0.6638078902229846, "support": 583}, "macro avg": {"precision": 0.5225733168112351, "recall": 0.5074658469945356, "f1-score": 0.46569782665619275, "support": 583}, "weighted avg": {"precision": 0.5847394475015995, "recall": 0.6638078902229846, "f1-score": 0.5867960908646261, "support": 583}, "kappa": 0.01877136036546634}