{"0": {"precision": 0.5084745762711864, "recall": 0.6030150753768844, "f1-score": 0.5517241379310345, "support": 199}, "1": {"precision": 0.7710144927536232, "recall": 0.6963350785340314, "f1-score": 0.7317744154057773, "support": 382}, "micro avg": {"precision": 0.6643717728055077, "recall": 0.6643717728055077, "f1-score": 0.6643717728055077, "support": 581}, "macro avg": {"precision": 0.6397445345124049, "recall": 0.6496750769554579, "f1-score": 0.6417492766684059, "support": 581}, "weighted avg": {"precision": 0.6810911822888988, "recall": 0.6643717728055077, "f1-score": 0.6701048711416226, "support": 581}, "kappa": 0.2865868632994768}