{"0": {"precision": 0.7100591715976331, "recall": 0.7817589576547231, "f1-score": 0.7441860465116278, "support": 307}, "1": {"precision": 0.5911602209944752, "recall": 0.6407185628742516, "f1-score": 0.6149425287356322, "support": 167}, "2": {"precision": 0.23684210526315788, "recall": 0.13043478260869565, "f1-score": 0.16822429906542055, "support": 69}, "3": {"precision": 0.47619047619047616, "recall": 0.2857142857142857, "f1-score": 0.3571428571428571, "support": 35}, "micro avg": {"precision": 0.6332179930795848, "recall": 0.6332179930795848, "f1-score": 0.6332179930795848, "support": 578}, "macro avg": {"precision": 0.5035629935114356, "recall": 0.45965664721298904, "f1-score": 0.47112393286388443, "support": 578}, "weighted avg": {"precision": 0.6050531046996113, "recall": 0.6332179930795848, "f1-score": 0.6146505107498864, "support": 578}, "kappa": 0.37714884056645015}