{"0": {"precision": 0.899803536345776, "recall": 0.9404517453798767, "f1-score": 0.9196787148594378, "support": 487}, "1": {"precision": 0.6081081081081081, "recall": 0.46875, "f1-score": 0.5294117647058824, "support": 96}, "micro avg": {"precision": 0.8627787307032591, "recall": 0.8627787307032591, "f1-score": 0.8627787307032591, "support": 583}, "macro avg": {"precision": 0.753955822226942, "recall": 0.7046008726899384, "f1-score": 0.72454523978266, "support": 583}, "weighted avg": {"precision": 0.851771356052781, "recall": 0.8627787307032591, "f1-score": 0.8554152033418712, "support": 583}, "kappa": 0.45066076181950954}