{"0": {"precision": 0.25274725274725274, "recall": 0.3770491803278688, "f1-score": 0.3026315789473684, "support": 183}, "1": {"precision": 0.632258064516129, "recall": 0.49, "f1-score": 0.5521126760563381, "support": 400}, "micro avg": {"precision": 0.45454545454545453, "recall": 0.45454545454545453, "f1-score": 0.45454545454545453, "support": 583}, "macro avg": {"precision": 0.44250265863169086, "recall": 0.4335245901639344, "f1-score": 0.42737212750185327, "support": 583}, "weighted avg": {"precision": 0.5131320292610615, "recall": 0.45454545454545453, "f1-score": 0.47380214300155005, "support": 583}, "kappa": -0.1173024769481108}