{"0": {"precision": 0.8136094674556213, "recall": 0.7902298850574713, "f1-score": 0.8017492711370262, "support": 348}, "1": {"precision": 0.7020408163265306, "recall": 0.7319148936170212, "f1-score": 0.7166666666666666, "support": 235}, "micro avg": {"precision": 0.7667238421955404, "recall": 0.7667238421955404, "f1-score": 0.7667238421955404, "support": 583}, "macro avg": {"precision": 0.757825141891076, "recall": 0.7610723893372462, "f1-score": 0.7592079689018464, "support": 583}, "weighted avg": {"precision": 0.7686375411857477, "recall": 0.7667238421955404, "f1-score": 0.7674535386318212, "support": 583}, "kappa": 0.5185621470641812}