{"0": {"precision": 0.7418478260869565, "recall": 0.7844827586206896, "f1-score": 0.7625698324022347, "support": 348}, "1": {"precision": 0.6511627906976745, "recall": 0.5957446808510638, "f1-score": 0.6222222222222222, "support": 235}, "micro avg": {"precision": 0.7084048027444254, "recall": 0.7084048027444254, "f1-score": 0.7084048027444254, "support": 583}, "macro avg": {"precision": 0.6965053083923155, "recall": 0.6901137197358767, "f1-score": 0.6923960273122285, "support": 583}, "weighted avg": {"precision": 0.7052938238288411, "recall": 0.7084048027444254, "f1-score": 0.7059974680929673, "support": 583}, "kappa": 0.38555486670799755}