{"0": {"precision": 0.7031700288184438, "recall": 0.7947882736156352, "f1-score": 0.746177370030581, "support": 307}, "1": {"precision": 0.5675675675675675, "recall": 0.6287425149700598, "f1-score": 0.5965909090909091, "support": 167}, "2": {"precision": 0.25, "recall": 0.07246376811594203, "f1-score": 0.11235955056179776, "support": 69}, "3": {"precision": 0.38461538461538464, "recall": 0.2857142857142857, "f1-score": 0.32786885245901637, "support": 35}, "micro avg": {"precision": 0.629757785467128, "recall": 0.629757785467128, "f1-score": 0.629757785467128, "support": 578}, "macro avg": {"precision": 0.47633824525034896, "recall": 0.4454272106039807, "f1-score": 0.44574917053557606, "support": 578}, "weighted avg": {"precision": 0.5906029776688313, "recall": 0.629757785467128, "f1-score": 0.6019642789660896, "support": 578}, "kappa": 0.3636260739826105}