{"0": {"precision": 0.5360824742268041, "recall": 0.28415300546448086, "f1-score": 0.37142857142857144, "support": 183}, "1": {"precision": 0.7304526748971193, "recall": 0.8875, "f1-score": 0.801354401805869, "support": 400}, "micro avg": {"precision": 0.6981132075471698, "recall": 0.6981132075471698, "f1-score": 0.6981132075471698, "support": 583}, "macro avg": {"precision": 0.6332675745619617, "recall": 0.5858265027322405, "f1-score": 0.5863914866172202, "support": 583}, "weighted avg": {"precision": 0.6694411024740187, "recall": 0.6981132075471698, "f1-score": 0.6664034121677122, "support": 583}, "kappa": 0.1967308083733892}