{"0": {"precision": 0.7012987012987013, "recall": 0.271356783919598, "f1-score": 0.3913043478260869, "support": 199}, "1": {"precision": 0.7123015873015873, "recall": 0.9397905759162304, "f1-score": 0.8103837471783297, "support": 382}, "micro avg": {"precision": 0.7108433734939759, "recall": 0.7108433734939759, "f1-score": 0.7108433734939759, "support": 581}, "macro avg": {"precision": 0.7068001443001444, "recall": 0.6055736799179142, "f1-score": 0.6008440475022083, "support": 581}, "weighted avg": {"precision": 0.7085329568117865, "recall": 0.7108433734939759, "f1-score": 0.666843643097269, "support": 581}, "kappa": 0.24749055585536972}