{"0": {"precision": 0.890625, "recall": 0.9363449691991786, "f1-score": 0.9129129129129128, "support": 487}, "1": {"precision": 0.5633802816901409, "recall": 0.4166666666666667, "f1-score": 0.4790419161676647, "support": 96}, "micro avg": {"precision": 0.8507718696397941, "recall": 0.8507718696397941, "f1-score": 0.8507718696397941, "support": 583}, "macro avg": {"precision": 0.7270026408450705, "recall": 0.6765058179329226, "f1-score": 0.6959774145402887, "support": 583}, "weighted avg": {"precision": 0.83673907725944, "recall": 0.8507718696397941, "f1-score": 0.8414693182516026, "support": 583}, "kappa": 0.39422422338735685}