{"0": {"precision": 0.5303292894280762, "recall": 0.996742671009772, "f1-score": 0.6923076923076922, "support": 307}, "1": {"precision": 0.0, "recall": 0.0, "f1-score": 0.0, "support": 167}, "2": {"precision": 0.0, "recall": 0.0, "f1-score": 0.0, "support": 69}, "3": {"precision": 0.0, "recall": 0.0, "f1-score": 0.0, "support": 35}, "micro avg": {"precision": 0.5294117647058824, "recall": 0.5294117647058824, "f1-score": 0.5294117647058824, "support": 578}, "macro avg": {"precision": 0.13258232235701906, "recall": 0.249185667752443, "f1-score": 0.17307692307692304, "support": 578}, "weighted avg": {"precision": 0.28168008971352837, "recall": 0.5294117647058824, "f1-score": 0.36771360127761504, "support": 578}, "kappa": -0.0021673168617251104}