{"0": {"precision": 0.7790697674418605, "recall": 0.7701149425287356, "f1-score": 0.7745664739884394, "support": 348}, "1": {"precision": 0.6652719665271967, "recall": 0.676595744680851, "f1-score": 0.6708860759493671, "support": 235}, "micro avg": {"precision": 0.7324185248713551, "recall": 0.7324185248713551, "f1-score": 0.7324185248713551, "support": 583}, "macro avg": {"precision": 0.7221708669845286, "recall": 0.7233553436047933, "f1-score": 0.7227262749689032, "support": 583}, "weighted avg": {"precision": 0.7331992988055895, "recall": 0.7324185248713551, "f1-score": 0.7327742037668579, "support": 583}, "kappa": 0.4454795990537278}