{"0": {"precision": 0.6, "recall": 0.32786885245901637, "f1-score": 0.42402826855123665, "support": 183}, "1": {"precision": 0.7453416149068323, "recall": 0.9, "f1-score": 0.8154020385050962, "support": 400}, "micro avg": {"precision": 0.7204116638078902, "recall": 0.7204116638078902, "f1-score": 0.7204116638078902, "support": 583}, "macro avg": {"precision": 0.6726708074534161, "recall": 0.6139344262295082, "f1-score": 0.6197151535281664, "support": 583}, "weighted avg": {"precision": 0.6997198043957683, "recall": 0.7204116638078902, "f1-score": 0.6925522959638332, "support": 583}, "kappa": 0.259835344149421}