{"0": {"precision": 0.7810650887573964, "recall": 0.6633165829145728, "f1-score": 0.717391304347826, "support": 199}, "1": {"precision": 0.837378640776699, "recall": 0.9031413612565445, "f1-score": 0.8690176322418137, "support": 382}, "micro avg": {"precision": 0.8209982788296041, "recall": 0.8209982788296041, "f1-score": 0.8209982788296042, "support": 581}, "macro avg": {"precision": 0.8092218647670477, "recall": 0.7832289720855588, "f1-score": 0.7932044682948198, "support": 581}, "weighted avg": {"precision": 0.8180905222709483, "recall": 0.8209982788296041, "f1-score": 0.8170836576275219, "support": 581}, "kappa": 0.5876789540485581}