{"0": {"precision": 0.19607843137254902, "recall": 0.0546448087431694, "f1-score": 0.08547008547008549, "support": 183}, "1": {"precision": 0.674812030075188, "recall": 0.8975, "f1-score": 0.7703862660944206, "support": 400}, "micro avg": {"precision": 0.6329331046312179, "recall": 0.6329331046312179, "f1-score": 0.6329331046312179, "support": 583}, "macro avg": {"precision": 0.4354452307238685, "recall": 0.47607240437158466, "f1-score": 0.42792817578225306, "support": 583}, "weighted avg": {"precision": 0.5245405917174129, "recall": 0.6329331046312179, "f1-score": 0.5553954238058214, "support": 583}, "kappa": -0.05949590679031225}