{"0": {"precision": 0.8724279835390947, "recall": 0.9177489177489178, "f1-score": 0.8945147679324894, "support": 462}, "1": {"precision": 0.6082474226804123, "recall": 0.48760330578512395, "f1-score": 0.5412844036697247, "support": 121}, "micro avg": {"precision": 0.8284734133790738, "recall": 0.8284734133790738, "f1-score": 0.8284734133790738, "support": 583}, "macro avg": {"precision": 0.7403377031097536, "recall": 0.7026761117670208, "f1-score": 0.717899585801107, "support": 583}, "weighted avg": {"precision": 0.8175980558137077, "recall": 0.8284734133790738, "f1-score": 0.8212028055383307, "support": 583}, "kappa": 0.43736730360934184}