{"0": {"precision": 0.7848837209302325, "recall": 0.7758620689655172, "f1-score": 0.7803468208092486, "support": 348}, "1": {"precision": 0.6736401673640168, "recall": 0.6851063829787234, "f1-score": 0.6793248945147679, "support": 235}, "micro avg": {"precision": 0.7392795883361921, "recall": 0.7392795883361921, "f1-score": 0.739279588336192, "support": 583}, "macro avg": {"precision": 0.7292619441471246, "recall": 0.7304842259721203, "f1-score": 0.7298358576620082, "support": 583}, "weighted avg": {"precision": 0.7400428374172638, "recall": 0.7392795883361921, "f1-score": 0.7396261472600154, "support": 583}, "kappa": 0.45969807087286296}