{"0": {"precision": 0.5333333333333333, "recall": 0.990228013029316, "f1-score": 0.69327251995439, "support": 307}, "1": {"precision": 0.5, "recall": 0.005988023952095809, "f1-score": 0.011834319526627219, "support": 167}, "2": {"precision": 0.0, "recall": 0.0, "f1-score": 0.0, "support": 69}, "3": {"precision": 0.0, "recall": 0.0, "f1-score": 0.0, "support": 35}, "micro avg": {"precision": 0.527681660899654, "recall": 0.527681660899654, "f1-score": 0.527681660899654, "support": 578}, "macro avg": {"precision": 0.2583333333333333, "recall": 0.24905400924535295, "f1-score": 0.1762767098702543, "support": 578}, "weighted avg": {"precision": 0.4277393310265282, "recall": 0.527681660899654, "f1-score": 0.37164532004661677, "support": 578}, "kappa": 0.004768211920529786}