{"0": {"precision": 0.806615776081425, "recall": 0.8025316455696202, "f1-score": 0.8045685279187816, "support": 395}, "1": {"precision": 0.5894736842105263, "recall": 0.5957446808510638, "f1-score": 0.5925925925925924, "support": 188}, "micro avg": {"precision": 0.7358490566037735, "recall": 0.7358490566037735, "f1-score": 0.7358490566037735, "support": 583}, "macro avg": {"precision": 0.6980447301459756, "recall": 0.699138163210342, "f1-score": 0.698580560255687, "support": 583}, "weighted avg": {"precision": 0.7365939694403805, "recall": 0.7358490566037735, "f1-score": 0.7362126516900963, "support": 583}, "kappa": 0.39716921589428866}