{"0": {"precision": 0.6338329764453962, "recall": 0.8505747126436781, "f1-score": 0.7263803680981594, "support": 348}, "1": {"precision": 0.5517241379310345, "recall": 0.2723404255319149, "f1-score": 0.3646723646723647, "support": 235}, "micro avg": {"precision": 0.6174957118353345, "recall": 0.6174957118353345, "f1-score": 0.6174957118353345, "support": 583}, "macro avg": {"precision": 0.5927785571882154, "recall": 0.5614575690877965, "f1-score": 0.5455263663852621, "support": 583}, "weighted avg": {"precision": 0.6007359317612194, "recall": 0.6174957118353345, "f1-score": 0.5805804010225818, "support": 583}, "kappa": 0.13392577591547694}