{"0": {"precision": 0.532399299474606, "recall": 0.990228013029316, "f1-score": 0.69248291571754, "support": 307}, "1": {"precision": 1.0, "recall": 0.005988023952095809, "f1-score": 0.011904761904761906, "support": 167}, "2": {"precision": 0.0, "recall": 0.0, "f1-score": 0.0, "support": 69}, "3": {"precision": 0.0, "recall": 0.0, "f1-score": 0.0, "support": 35}, "micro avg": {"precision": 0.527681660899654, "recall": 0.527681660899654, "f1-score": 0.527681660899654, "support": 578}, "macro avg": {"precision": 0.38309982486865146, "recall": 0.24905400924535295, "f1-score": 0.17609691940557545, "support": 578}, "weighted avg": {"precision": 0.5717068943576195, "recall": 0.527681660899654, "f1-score": 0.3712462809055017, "support": 578}, "kappa": 0.003674799212001978}