{"0": {"precision": 0.9183303085299456, "recall": 0.9825242718446602, "f1-score": 0.949343339587242, "support": 515}, "1": {"precision": 0.71875, "recall": 0.3382352941176471, "f1-score": 0.45999999999999996, "support": 68}, "micro avg": {"precision": 0.9073756432246999, "recall": 0.9073756432246999, "f1-score": 0.9073756432246999, "support": 583}, "macro avg": {"precision": 0.8185401542649728, "recall": 0.6603797829811536, "f1-score": 0.7046716697936211, "support": 583}, "weighted avg": {"precision": 0.8950516447562983, "recall": 0.9073756432246999, "f1-score": 0.8922672725341847, "support": 583}, "kappa": 0.41643805145695867}