{"0": {"precision": 0.8701825557809331, "recall": 0.9285714285714286, "f1-score": 0.8984293193717279, "support": 462}, "1": {"precision": 0.6333333333333333, "recall": 0.47107438016528924, "f1-score": 0.5402843601895735, "support": 121}, "micro avg": {"precision": 0.8336192109777015, "recall": 0.8336192109777015, "f1-score": 0.8336192109777015, "support": 583}, "macro avg": {"precision": 0.7517579445571332, "recall": 0.6998229043683589, "f1-score": 0.7193568397806507, "support": 583}, "weighted avg": {"precision": 0.8210251699899218, "recall": 0.8336192109777015, "f1-score": 0.8240973467112807, "support": 583}, "kappa": 0.44137781158317935}