{"0": {"precision": 0.905587668593449, "recall": 0.9437751004016064, "f1-score": 0.9242871189773845, "support": 498}, "1": {"precision": 0.5625, "recall": 0.4235294117647059, "f1-score": 0.4832214765100671, "support": 85}, "micro avg": {"precision": 0.8679245283018868, "recall": 0.8679245283018868, "f1-score": 0.8679245283018869, "support": 583}, "macro avg": {"precision": 0.7340438342967245, "recall": 0.6836522560831562, "f1-score": 0.7037542977437258, "support": 583}, "weighted avg": {"precision": 0.8555663103937179, "recall": 0.8679245283018868, "f1-score": 0.8599808074684273, "support": 583}, "kappa": 0.4092278942450682}