{"0": {"precision": 0.808695652173913, "recall": 0.8017241379310345, "f1-score": 0.8051948051948051, "support": 348}, "1": {"precision": 0.7100840336134454, "recall": 0.7191489361702128, "f1-score": 0.7145877378435519, "support": 235}, "micro avg": {"precision": 0.7684391080617495, "recall": 0.7684391080617495, "f1-score": 0.7684391080617495, "support": 583}, "macro avg": {"precision": 0.7593898428936792, "recall": 0.7604365370506236, "f1-score": 0.7598912715191786, "support": 583}, "weighted avg": {"precision": 0.7689465434917349, "recall": 0.7684391080617495, "f1-score": 0.7686722308765469, "support": 583}, "kappa": 0.5197957278567898}