{"0": {"precision": 0.9159049360146252, "recall": 0.9728155339805825, "f1-score": 0.9435028248587569, "support": 515}, "1": {"precision": 0.6111111111111112, "recall": 0.3235294117647059, "f1-score": 0.42307692307692313, "support": 68}, "micro avg": {"precision": 0.8970840480274442, "recall": 0.8970840480274442, "f1-score": 0.8970840480274442, "support": 583}, "macro avg": {"precision": 0.7635080235628682, "recall": 0.6481724728726442, "f1-score": 0.68328987396784, "support": 583}, "weighted avg": {"precision": 0.8803543698166167, "recall": 0.8970840480274442, "f1-score": 0.8828013474639633, "support": 583}, "kappa": 0.3723984498349362}