{"0": {"precision": 0.7039106145251397, "recall": 0.8208469055374593, "f1-score": 0.7578947368421053, "support": 307}, "1": {"precision": 0.5454545454545454, "recall": 0.6467065868263473, "f1-score": 0.5917808219178082, "support": 167}, "2": {"precision": 0.29411764705882354, "recall": 0.07246376811594203, "f1-score": 0.11627906976744186, "support": 69}, "3": {"precision": 0.6, "recall": 0.08571428571428572, "f1-score": 0.15, "support": 35}, "micro avg": {"precision": 0.6366782006920415, "recall": 0.6366782006920415, "f1-score": 0.6366782006920415, "support": 578}, "macro avg": {"precision": 0.5358707017596271, "recall": 0.4064328865485086, "f1-score": 0.4039886571318388, "support": 578}, "weighted avg": {"precision": 0.6029162377113941, "recall": 0.6366782006920415, "f1-score": 0.5964953932262176, "support": 578}, "kappa": 0.36036339874791845}