{"0": {"precision": 0.6761658031088082, "recall": 0.8501628664495114, "f1-score": 0.7532467532467532, "support": 307}, "1": {"precision": 0.5652173913043478, "recall": 0.6227544910179641, "f1-score": 0.5925925925925927, "support": 167}, "2": {"precision": 0.375, "recall": 0.043478260869565216, "f1-score": 0.07792207792207792, "support": 69}, "3": {"precision": 0.0, "recall": 0.0, "f1-score": 0.0, "support": 35}, "micro avg": {"precision": 0.6366782006920415, "recall": 0.6366782006920415, "f1-score": 0.6366782006920415, "support": 578}, "macro avg": {"precision": 0.40409579860328904, "recall": 0.37909890458426015, "f1-score": 0.35594035594035595, "support": 578}, "weighted avg": {"precision": 0.5672131590003983, "recall": 0.6366782006920415, "f1-score": 0.5805992034365737, "support": 578}, "kappa": 0.3414070384477651}