{"0": {"precision": 0.7488789237668162, "recall": 0.8455696202531645, "f1-score": 0.7942925089179548, "support": 395}, "1": {"precision": 0.5547445255474452, "recall": 0.40425531914893614, "f1-score": 0.4676923076923077, "support": 188}, "micro avg": {"precision": 0.7032590051457976, "recall": 0.7032590051457976, "f1-score": 0.7032590051457976, "support": 583}, "macro avg": {"precision": 0.6518117246571307, "recall": 0.6249124697010503, "f1-score": 0.6309924083051313, "support": 583}, "weighted avg": {"precision": 0.6862764077029367, "recall": 0.7032590051457976, "f1-score": 0.6889737476307821, "support": 583}, "kappa": 0.26894167276733616}