{"0": {"precision": 0.748314606741573, "recall": 0.8430379746835444, "f1-score": 0.7928571428571428, "support": 395}, "1": {"precision": 0.5507246376811594, "recall": 0.40425531914893614, "f1-score": 0.4662576687116564, "support": 188}, "micro avg": {"precision": 0.7015437392795884, "recall": 0.7015437392795884, "f1-score": 0.7015437392795884, "support": 583}, "macro avg": {"precision": 0.6495196222113662, "recall": 0.6236466469162403, "f1-score": 0.6295574057843996, "support": 583}, "weighted avg": {"precision": 0.6845977728078547, "recall": 0.7015437392795884, "f1-score": 0.6875386160314971, "support": 583}, "kappa": 0.2658174712310921}