{"0": {"precision": 0.5878378378378378, "recall": 0.4371859296482412, "f1-score": 0.5014409221902016, "support": 199}, "1": {"precision": 0.7413394919168591, "recall": 0.8403141361256544, "f1-score": 0.7877300613496933, "support": 382}, "micro avg": {"precision": 0.7022375215146299, "recall": 0.7022375215146299, "f1-score": 0.7022375215146299, "support": 581}, "macro avg": {"precision": 0.6645886648773485, "recall": 0.6387500328869478, "f1-score": 0.6445854917699474, "support": 581}, "weighted avg": {"precision": 0.688763193876024, "recall": 0.7022375215146299, "f1-score": 0.689672335544635, "support": 581}, "kappa": 0.29564900527669347}