{"0": {"precision": 0.8077601410934744, "recall": 0.9913419913419913, "f1-score": 0.8901846452866861, "support": 462}, "1": {"precision": 0.75, "recall": 0.09917355371900827, "f1-score": 0.17518248175182483, "support": 121}, "micro avg": {"precision": 0.8061749571183533, "recall": 0.8061749571183533, "f1-score": 0.8061749571183533, "support": 583}, "macro avg": {"precision": 0.7788800705467371, "recall": 0.5452577725304998, "f1-score": 0.5326835635192555, "support": 583}, "weighted avg": {"precision": 0.7957721872816212, "recall": 0.8061749571183533, "f1-score": 0.7417879698360544, "support": 583}, "kappa": 0.1331596468374584}