{"0": {"precision": 0.3611111111111111, "recall": 0.07103825136612021, "f1-score": 0.11872146118721459, "support": 183}, "1": {"precision": 0.6892138939670932, "recall": 0.9425, "f1-score": 0.7961985216473073, "support": 400}, "micro avg": {"precision": 0.6689536878216124, "recall": 0.6689536878216124, "f1-score": 0.6689536878216124, "support": 583}, "macro avg": {"precision": 0.5251625025391021, "recall": 0.5067691256830601, "f1-score": 0.45745999141726096, "support": 583}, "weighted avg": {"precision": 0.5862245127275653, "recall": 0.6689536878216124, "f1-score": 0.5835427719660089, "support": 583}, "kappa": 0.017309892490022016}