{"0": {"precision": 0.7005649717514124, "recall": 0.8078175895765473, "f1-score": 0.7503782148260212, "support": 307}, "1": {"precision": 0.5515463917525774, "recall": 0.6407185628742516, "f1-score": 0.592797783933518, "support": 167}, "2": {"precision": 0.25, "recall": 0.07246376811594203, "f1-score": 0.11235955056179776, "support": 69}, "3": {"precision": 0.6, "recall": 0.17142857142857143, "f1-score": 0.26666666666666666, "support": 35}, "micro avg": {"precision": 0.6332179930795848, "recall": 0.6332179930795848, "f1-score": 0.6332179930795848, "support": 578}, "macro avg": {"precision": 0.5255278408759975, "recall": 0.42310712299882813, "f1-score": 0.4305505539970009, "support": 578}, "weighted avg": {"precision": 0.5976326881494187, "recall": 0.6332179930795848, "f1-score": 0.5993935712639852, "support": 578}, "kappa": 0.3593826786143728}