{"0": {"precision": 0.905511811023622, "recall": 0.9236947791164659, "f1-score": 0.9145129224652088, "support": 498}, "1": {"precision": 0.49333333333333335, "recall": 0.43529411764705883, "f1-score": 0.4625, "support": 85}, "micro avg": {"precision": 0.8524871355060034, "recall": 0.8524871355060034, "f1-score": 0.8524871355060034, "support": 583}, "macro avg": {"precision": 0.6994225721784777, "recall": 0.6794944483817624, "f1-score": 0.6885064612326044, "support": 583}, "weighted avg": {"precision": 0.8454171787703209, "recall": 0.8524871355060034, "f1-score": 0.8486105238210531, "support": 583}, "kappa": 0.37739972680988443}