{"0": {"precision": 0.7235294117647059, "recall": 0.6180904522613065, "f1-score": 0.6666666666666666, "support": 199}, "1": {"precision": 0.8150851581508516, "recall": 0.8769633507853403, "f1-score": 0.8448928121059268, "support": 382}, "micro avg": {"precision": 0.7882960413080895, "recall": 0.7882960413080895, "f1-score": 0.7882960413080895, "support": 581}, "macro avg": {"precision": 0.7693072849577787, "recall": 0.7475269015233235, "f1-score": 0.7557797393862967, "support": 581}, "weighted avg": {"precision": 0.7837261331407946, "recall": 0.7882960413080895, "f1-score": 0.7838480566112405, "support": 581}, "kappa": 0.5129592650396309}