{"0": {"precision": 0.5352112676056338, "recall": 0.990228013029316, "f1-score": 0.6948571428571428, "support": 307}, "1": {"precision": 0.5, "recall": 0.005988023952095809, "f1-score": 0.011834319526627219, "support": 167}, "2": {"precision": 0.0, "recall": 0.0, "f1-score": 0.0, "support": 69}, "3": {"precision": 0.25, "recall": 0.05714285714285714, "f1-score": 0.09302325581395347, "support": 35}, "micro avg": {"precision": 0.5311418685121108, "recall": 0.5311418685121108, "f1-score": 0.5311418685121108, "support": 578}, "macro avg": {"precision": 0.32130281690140844, "recall": 0.2633397235310672, "f1-score": 0.19992867954943086, "support": 578}, "weighted avg": {"precision": 0.44387518884935906, "recall": 0.5311418685121108, "f1-score": 0.37811987572937367, "support": 578}, "kappa": 0.015437414358806634}