{"0": {"precision": 0.8614457831325302, "recall": 0.9285714285714286, "f1-score": 0.8937500000000002, "support": 462}, "1": {"precision": 0.611764705882353, "recall": 0.4297520661157025, "f1-score": 0.5048543689320389, "support": 121}, "micro avg": {"precision": 0.8250428816466552, "recall": 0.8250428816466552, "f1-score": 0.8250428816466552, "support": 583}, "macro avg": {"precision": 0.7366052445074416, "recall": 0.6791617473435656, "f1-score": 0.6993021844660195, "support": 583}, "weighted avg": {"precision": 0.8096251821938143, "recall": 0.8250428816466552, "f1-score": 0.8130358124198572, "support": 583}, "kappa": 0.4025198938992042}