{"0": {"precision": 0.6781411359724613, "recall": 0.9974683544303797, "f1-score": 0.8073770491803278, "support": 395}, "1": {"precision": 0.5, "recall": 0.005319148936170213, "f1-score": 0.010526315789473684, "support": 188}, "micro avg": {"precision": 0.6775300171526587, "recall": 0.6775300171526587, "f1-score": 0.6775300171526587, "support": 583}, "macro avg": {"precision": 0.5890705679862307, "recall": 0.5013937516832749, "f1-score": 0.40895168248490077, "support": 583}, "weighted avg": {"precision": 0.6206959669110158, "recall": 0.6775300171526587, "f1-score": 0.5504166068518878, "support": 583}, "kappa": 0.003763020596629696}