{"0": {"precision": 0.81, "recall": 0.6982758620689655, "f1-score": 0.75, "support": 348}, "1": {"precision": 0.6289752650176679, "recall": 0.7574468085106383, "f1-score": 0.6872586872586872, "support": 235}, "micro avg": {"precision": 0.7221269296740995, "recall": 0.7221269296740995, "f1-score": 0.7221269296740995, "support": 583}, "macro avg": {"precision": 0.719487632508834, "recall": 0.7278613352898019, "f1-score": 0.7186293436293436, "support": 583}, "weighted avg": {"precision": 0.7370311960191286, "recall": 0.7221269296740995, "f1-score": 0.7247097624456116, "support": 583}, "kappa": 0.44109501491265446}