{"0": {"precision": 0.8960302457466919, "recall": 0.9518072289156626, "f1-score": 0.923076923076923, "support": 498}, "1": {"precision": 0.5555555555555556, "recall": 0.35294117647058826, "f1-score": 0.4316546762589928, "support": 85}, "micro avg": {"precision": 0.8644939965694682, "recall": 0.8644939965694682, "f1-score": 0.8644939965694683, "support": 583}, "macro avg": {"precision": 0.7257929006511237, "recall": 0.6523742026931254, "f1-score": 0.6773657996679578, "support": 583}, "weighted avg": {"precision": 0.8463898535232844, "recall": 0.8644939965694682, "f1-score": 0.8514287395785971, "support": 583}, "kappa": 0.3590464394561421}