{"0": {"precision": 0.7930174563591023, "recall": 0.8050632911392405, "f1-score": 0.7989949748743719, "support": 395}, "1": {"precision": 0.5769230769230769, "recall": 0.5585106382978723, "f1-score": 0.5675675675675675, "support": 188}, "micro avg": {"precision": 0.725557461406518, "recall": 0.725557461406518, "f1-score": 0.725557461406518, "support": 583}, "macro avg": {"precision": 0.6849702666410895, "recall": 0.6817869647185564, "f1-score": 0.6832812712209697, "support": 583}, "weighted avg": {"precision": 0.7233335055289603, "recall": 0.725557461406518, "f1-score": 0.7243665828097421, "support": 583}, "kappa": 0.3666399598039082}