{"0": {"precision": 0.912109375, "recall": 0.9377510040160643, "f1-score": 0.9247524752475248, "support": 498}, "1": {"precision": 0.5633802816901409, "recall": 0.47058823529411764, "f1-score": 0.5128205128205128, "support": 85}, "micro avg": {"precision": 0.869639794168096, "recall": 0.869639794168096, "f1-score": 0.869639794168096, "support": 583}, "macro avg": {"precision": 0.7377448283450705, "recall": 0.704169619655091, "f1-score": 0.7187864940340187, "support": 583}, "weighted avg": {"precision": 0.861265510623777, "recall": 0.869639794168096, "f1-score": 0.8646937843276346, "support": 583}, "kappa": 0.43827176145439783}