{"0": {"precision": 0.3464566929133858, "recall": 0.22110552763819097, "f1-score": 0.26993865030674846, "support": 199}, "1": {"precision": 0.6585903083700441, "recall": 0.7827225130890052, "f1-score": 0.715311004784689, "support": 382}, "micro avg": {"precision": 0.5903614457831325, "recall": 0.5903614457831325, "f1-score": 0.5903614457831325, "support": 581}, "macro avg": {"precision": 0.5025235006417149, "recall": 0.5019140203635981, "f1-score": 0.49262482754571874, "support": 581}, "weighted avg": {"precision": 0.5516805158126, "recall": 0.5903614457831325, "f1-score": 0.5627652241631569, "support": 581}, "kappa": 0.004191271784531159}