{"0": {"precision": 0.918, "recall": 0.9216867469879518, "f1-score": 0.9198396793587175, "support": 498}, "1": {"precision": 0.5301204819277109, "recall": 0.5176470588235295, "f1-score": 0.523809523809524, "support": 85}, "micro avg": {"precision": 0.8627787307032591, "recall": 0.8627787307032591, "f1-score": 0.8627787307032591, "support": 583}, "macro avg": {"precision": 0.7240602409638555, "recall": 0.7196669029057406, "f1-score": 0.7218246015841208, "support": 583}, "weighted avg": {"precision": 0.8614480977081569, "recall": 0.8627787307032591, "f1-score": 0.8620994336954559, "support": 583}, "kappa": 0.4436624758451224}