{"0": {"precision": 0.7358490566037735, "recall": 0.7844827586206896, "f1-score": 0.7593880389429762, "support": 348}, "1": {"precision": 0.6462264150943396, "recall": 0.5829787234042553, "f1-score": 0.6129753914988814, "support": 235}, "micro avg": {"precision": 0.7032590051457976, "recall": 0.7032590051457976, "f1-score": 0.7032590051457976, "support": 583}, "macro avg": {"precision": 0.6910377358490566, "recall": 0.6837307410124724, "f1-score": 0.6861817152209289, "support": 583}, "weighted avg": {"precision": 0.6997232920159228, "recall": 0.7032590051457976, "f1-score": 0.7003709340555624, "support": 583}, "kappa": 0.37339479749753035}
