{"0": {"precision": 0.5612903225806452, "recall": 0.47540983606557374, "f1-score": 0.5147928994082839, "support": 183}, "1": {"precision": 0.7757009345794392, "recall": 0.83, "f1-score": 0.8019323671497584, "support": 400}, "micro avg": {"precision": 0.7186963979416809, "recall": 0.7186963979416809, "f1-score": 0.7186963979416809, "support": 583}, "macro avg": {"precision": 0.6684956285800422, "recall": 0.6527049180327869, "f1-score": 0.6583626332790211, "support": 583}, "weighted avg": {"precision": 0.7083988042264731, "recall": 0.7186963979416809, "f1-score": 0.7118011105516625, "support": 583}, "kappa": 0.31863401841452643}