{"0": {"precision": 0.9129554655870445, "recall": 0.9056224899598394, "f1-score": 0.9092741935483872, "support": 498}, "1": {"precision": 0.47191011235955055, "recall": 0.49411764705882355, "f1-score": 0.48275862068965514, "support": 85}, "micro avg": {"precision": 0.8456260720411664, "recall": 0.8456260720411664, "f1-score": 0.8456260720411664, "support": 583}, "macro avg": {"precision": 0.6924327889732975, "recall": 0.6998700685093315, "f1-score": 0.6960164071190211, "support": 583}, "weighted avg": {"precision": 0.8486521122005317, "recall": 0.8456260720411664, "f1-score": 0.847089247248229, "support": 583}, "kappa": 0.3920891648901659}