{"0": {"precision": 0.6837837837837838, "recall": 0.8241042345276873, "f1-score": 0.7474150664697193, "support": 307}, "1": {"precision": 0.5668449197860963, "recall": 0.6347305389221557, "f1-score": 0.5988700564971752, "support": 167}, "2": {"precision": 0.5555555555555556, "recall": 0.07246376811594203, "f1-score": 0.12820512820512822, "support": 69}, "3": {"precision": 0.3333333333333333, "recall": 0.11428571428571428, "f1-score": 0.1702127659574468, "support": 35}, "micro avg": {"precision": 0.6366782006920415, "recall": 0.6366782006920415, "f1-score": 0.6366782006920415, "support": 578}, "macro avg": {"precision": 0.5348793981146922, "recall": 0.41139606396287487, "f1-score": 0.41117575428236736, "support": 578}, "weighted avg": {"precision": 0.6134683792835636, "recall": 0.6366782006920415, "f1-score": 0.5956251306157381, "support": 578}, "kappa": 0.3551300578034682}