{"0": {"precision": 0.8093994778067886, "recall": 0.7848101265822784, "f1-score": 0.7969151670951157, "support": 395}, "1": {"precision": 0.575, "recall": 0.6117021276595744, "f1-score": 0.5927835051546391, "support": 188}, "micro avg": {"precision": 0.7289879931389366, "recall": 0.7289879931389366, "f1-score": 0.7289879931389367, "support": 583}, "macro avg": {"precision": 0.6921997389033943, "recall": 0.6982561271209264, "f1-score": 0.6948493361248773, "support": 583}, "weighted avg": {"precision": 0.7338126822190076, "recall": 0.7289879931389366, "f1-score": 0.731088833570571, "support": 583}, "kappa": 0.38998966914783717}