{"0": {"precision": 0.7596371882086168, "recall": 0.8481012658227848, "f1-score": 0.8014354066985646, "support": 395}, "1": {"precision": 0.5774647887323944, "recall": 0.43617021276595747, "f1-score": 0.49696969696969695, "support": 188}, "micro avg": {"precision": 0.7152658662092625, "recall": 0.7152658662092625, "f1-score": 0.7152658662092624, "support": 583}, "macro avg": {"precision": 0.6685509884705056, "recall": 0.6421357392943712, "f1-score": 0.6492025518341308, "support": 583}, "weighted avg": {"precision": 0.7008920576742602, "recall": 0.7152658662092625, "f1-score": 0.7032543545046931, "support": 583}, "kappa": 0.3037453776313327}