{"0": {"precision": 0.3142857142857143, "recall": 0.18032786885245902, "f1-score": 0.22916666666666669, "support": 183}, "1": {"precision": 0.6861924686192469, "recall": 0.82, "f1-score": 0.7471526195899773, "support": 400}, "micro avg": {"precision": 0.6192109777015438, "recall": 0.6192109777015438, "f1-score": 0.6192109777015438, "support": 583}, "macro avg": {"precision": 0.5002390914524806, "recall": 0.5001639344262295, "f1-score": 0.48815964312832194, "support": 583}, "weighted avg": {"precision": 0.5694532987341072, "recall": 0.6192109777015438, "f1-score": 0.5845601163567598, "support": 583}, "kappa": 0.00037073080309568684}