{"0": {"precision": 0.9085603112840467, "recall": 0.9377510040160643, "f1-score": 0.9229249011857708, "support": 498}, "1": {"precision": 0.5507246376811594, "recall": 0.4470588235294118, "f1-score": 0.4935064935064935, "support": 85}, "micro avg": {"precision": 0.8662092624356775, "recall": 0.8662092624356775, "f1-score": 0.8662092624356775, "support": 583}, "macro avg": {"precision": 0.7296424744826031, "recall": 0.692404913772738, "f1-score": 0.7082156973461321, "support": 583}, "weighted avg": {"precision": 0.856388729369389, "recall": 0.8662092624356775, "f1-score": 0.860316728539564, "support": 583}, "kappa": 0.4173884077281812}