{"0": {"precision": 0.8184523809523809, "recall": 0.7902298850574713, "f1-score": 0.8040935672514619, "support": 348}, "1": {"precision": 0.7044534412955465, "recall": 0.7404255319148936, "f1-score": 0.7219917012448132, "support": 235}, "micro avg": {"precision": 0.7701543739279588, "recall": 0.7701543739279588, "f1-score": 0.7701543739279588, "support": 583}, "macro avg": {"precision": 0.7614529111239637, "recall": 0.7653277084861825, "f1-score": 0.7630426342481376, "support": 583}, "weighted avg": {"precision": 0.7725008358076878, "recall": 0.7701543739279588, "f1-score": 0.7709993330978384, "support": 583}, "kappa": 0.5262921729850348}