{"0": {"precision": 0.30714285714285716, "recall": 0.23497267759562843, "f1-score": 0.26625386996904027, "support": 183}, "1": {"precision": 0.6839729119638827, "recall": 0.7575, "f1-score": 0.7188612099644127, "support": 400}, "micro avg": {"precision": 0.5934819897084048, "recall": 0.5934819897084048, "f1-score": 0.5934819897084048, "support": 583}, "macro avg": {"precision": 0.4955578845533699, "recall": 0.4962363387978142, "f1-score": 0.49255753996672647, "support": 583}, "weighted avg": {"precision": 0.5656883493013652, "recall": 0.5934819897084048, "f1-score": 0.5767906384049734, "support": 583}, "kappa": -0.008039746405095416}