{"0": {"precision": 0.8880597014925373, "recall": 0.9558232931726908, "f1-score": 0.9206963249516441, "support": 498}, "1": {"precision": 0.5319148936170213, "recall": 0.29411764705882354, "f1-score": 0.3787878787878788, "support": 85}, "micro avg": {"precision": 0.8593481989708405, "recall": 0.8593481989708405, "f1-score": 0.8593481989708405, "support": 583}, "macro avg": {"precision": 0.7099872975547793, "recall": 0.6249704701157571, "f1-score": 0.6497421018697614, "support": 583}, "weighted avg": {"precision": 0.8361346437405324, "recall": 0.8593481989708405, "f1-score": 0.8416873748248516, "support": 583}, "kappa": 0.306817852275034}