{"0": {"precision": 0.7808857808857809, "recall": 0.8481012658227848, "f1-score": 0.8131067961165048, "support": 395}, "1": {"precision": 0.6103896103896104, "recall": 0.5, "f1-score": 0.5497076023391813, "support": 188}, "micro avg": {"precision": 0.7358490566037735, "recall": 0.7358490566037735, "f1-score": 0.7358490566037735, "support": 583}, "macro avg": {"precision": 0.6956376956376956, "recall": 0.6740506329113924, "f1-score": 0.681407199227843, "support": 583}, "weighted avg": {"precision": 0.7259058837103434, "recall": 0.7358490566037735, "f1-score": 0.7281684626171278, "support": 583}, "kappa": 0.3654175089410667}