{"0": {"precision": 0.7920962199312714, "recall": 0.9978354978354979, "f1-score": 0.8831417624521073, "support": 462}, "1": {"precision": 0.0, "recall": 0.0, "f1-score": 0.0, "support": 121}, "micro avg": {"precision": 0.79073756432247, "recall": 0.79073756432247, "f1-score": 0.79073756432247, "support": 583}, "macro avg": {"precision": 0.3960481099656357, "recall": 0.4989177489177489, "f1-score": 0.44157088122605365, "support": 583}, "weighted avg": {"precision": 0.6276988912662905, "recall": 0.79073756432247, "f1-score": 0.6998481891129906, "support": 583}, "kappa": -0.003414028553693438}