{"0": {"precision": 0.7272727272727273, "recall": 0.6432160804020101, "f1-score": 0.6826666666666668, "support": 199}, "1": {"precision": 0.8246913580246914, "recall": 0.8743455497382199, "f1-score": 0.8487928843710293, "support": 382}, "micro avg": {"precision": 0.7951807228915663, "recall": 0.7951807228915663, "f1-score": 0.7951807228915663, "support": 581}, "macro avg": {"precision": 0.7759820426487094, "recall": 0.758780815070115, "f1-score": 0.765729775518848, "support": 581}, "weighted avg": {"precision": 0.7913242194366693, "recall": 0.7951807228915663, "f1-score": 0.791892510320826, "support": 581}, "kappa": 0.5322978887483343}