{"0": {"precision": 0.22580645161290322, "recall": 0.035175879396984924, "f1-score": 0.0608695652173913, "support": 199}, "1": {"precision": 0.6509090909090909, "recall": 0.93717277486911, "f1-score": 0.7682403433476395, "support": 382}, "micro avg": {"precision": 0.6282271944922547, "recall": 0.6282271944922547, "f1-score": 0.6282271944922547, "support": 581}, "macro avg": {"precision": 0.43835777126099706, "recall": 0.4861743271330475, "f1-score": 0.4145549542825154, "support": 581}, "weighted avg": {"precision": 0.5053059493945619, "recall": 0.6282271944922547, "f1-score": 0.5259567205457127, "support": 581}, "kappa": -0.03466015895524843}