{"0": {"precision": 0.9168356997971603, "recall": 0.9076305220883534, "f1-score": 0.9122098890010092, "support": 498}, "1": {"precision": 0.4888888888888889, "recall": 0.5176470588235295, "f1-score": 0.5028571428571429, "support": 85}, "micro avg": {"precision": 0.8507718696397941, "recall": 0.8507718696397941, "f1-score": 0.8507718696397941, "support": 583}, "macro avg": {"precision": 0.7028622943430246, "recall": 0.7126387904559415, "f1-score": 0.7075335159290761, "support": 583}, "weighted avg": {"precision": 0.8544420824263145, "recall": 0.8507718696397941, "f1-score": 0.8525272416215431, "support": 583}, "kappa": 0.415151340443932}