{"0": {"precision": 0.8653465346534653, "recall": 0.9458874458874459, "f1-score": 0.9038262668045501, "support": 462}, "1": {"precision": 0.6794871794871795, "recall": 0.4380165289256198, "f1-score": 0.5326633165829145, "support": 121}, "micro avg": {"precision": 0.8404802744425386, "recall": 0.8404802744425386, "f1-score": 0.8404802744425386, "support": 583}, "macro avg": {"precision": 0.7724168570703225, "recall": 0.6919519874065329, "f1-score": 0.7182447916937323, "support": 583}, "weighted avg": {"precision": 0.8267719515057457, "recall": 0.8404802744425386, "f1-score": 0.8267924469472295, "support": 583}, "kappa": 0.44185256482844526}