{"0": {"precision": 0.7626373626373626, "recall": 0.8784810126582279, "f1-score": 0.8164705882352941, "support": 395}, "1": {"precision": 0.625, "recall": 0.425531914893617, "f1-score": 0.5063291139240507, "support": 188}, "micro avg": {"precision": 0.7324185248713551, "recall": 0.7324185248713551, "f1-score": 0.7324185248713551, "support": 583}, "macro avg": {"precision": 0.6938186813186813, "recall": 0.6520064637759224, "f1-score": 0.6613998510796724, "support": 583}, "weighted avg": {"precision": 0.718253444668539, "recall": 0.7324185248713551, "f1-score": 0.7164592723338983, "support": 583}, "kappa": 0.3317560617193239}