{"0": {"precision": 0.8755020080321285, "recall": 0.9437229437229437, "f1-score": 0.9083333333333333, "support": 462}, "1": {"precision": 0.6941176470588235, "recall": 0.48760330578512395, "f1-score": 0.5728155339805825, "support": 121}, "micro avg": {"precision": 0.8490566037735849, "recall": 0.8490566037735849, "f1-score": 0.8490566037735849, "support": 583}, "macro avg": {"precision": 0.784809827545476, "recall": 0.7156631247540338, "f1-score": 0.740574433656958, "support": 583}, "weighted avg": {"precision": 0.8378561972640841, "recall": 0.8490566037735849, "f1-score": 0.8386975636563473, "support": 583}, "kappa": 0.484526967285588}