{"0": {"precision": 0.6239669421487604, "recall": 0.867816091954023, "f1-score": 0.7259615384615385, "support": 348}, "1": {"precision": 0.5353535353535354, "recall": 0.225531914893617, "f1-score": 0.31736526946107785, "support": 235}, "micro avg": {"precision": 0.6089193825042881, "recall": 0.6089193825042881, "f1-score": 0.6089193825042881, "support": 583}, "macro avg": {"precision": 0.5796602387511478, "recall": 0.54667400342382, "f1-score": 0.5216634039613082, "support": 583}, "weighted avg": {"precision": 0.5882479874371345, "recall": 0.6089193825042881, "f1-score": 0.5612614986414558, "support": 583}, "kappa": 0.10302850356294535}