{"0": {"precision": 0.7768361581920904, "recall": 0.7902298850574713, "f1-score": 0.7834757834757834, "support": 348}, "1": {"precision": 0.6812227074235808, "recall": 0.6638297872340425, "f1-score": 0.6724137931034484, "support": 235}, "micro avg": {"precision": 0.7392795883361921, "recall": 0.7392795883361921, "f1-score": 0.739279588336192, "support": 583}, "macro avg": {"precision": 0.7290294328078356, "recall": 0.7270298361457569, "f1-score": 0.727944788289616, "support": 583}, "weighted avg": {"precision": 0.7382955734054698, "recall": 0.7392795883361921, "f1-score": 0.7387080858128353, "support": 583}, "kappa": 0.4559497059220786}