{"0": {"precision": 0.7088235294117647, "recall": 0.7850162866449512, "f1-score": 0.7449768160741886, "support": 307}, "1": {"precision": 0.5846994535519126, "recall": 0.6407185628742516, "f1-score": 0.6114285714285715, "support": 167}, "2": {"precision": 0.22857142857142856, "recall": 0.11594202898550725, "f1-score": 0.15384615384615385, "support": 69}, "3": {"precision": 0.5, "recall": 0.2857142857142857, "f1-score": 0.36363636363636365, "support": 35}, "micro avg": {"precision": 0.6332179930795848, "recall": 0.6332179930795848, "f1-score": 0.6332179930795848, "support": 578}, "macro avg": {"precision": 0.5055236028837765, "recall": 0.45684779105474893, "f1-score": 0.4684719762463194, "support": 578}, "weighted avg": {"precision": 0.6029845343321968, "recall": 0.6332179930795848, "f1-score": 0.6127320264809771, "support": 578}, "kappa": 0.374905625726937}