{"0": {"precision": 0.8591269841269841, "recall": 0.9372294372294372, "f1-score": 0.89648033126294, "support": 462}, "1": {"precision": 0.6329113924050633, "recall": 0.4132231404958678, "f1-score": 0.5, "support": 121}, "micro avg": {"precision": 0.8284734133790738, "recall": 0.8284734133790738, "f1-score": 0.8284734133790738, "support": 583}, "macro avg": {"precision": 0.7460191882660236, "recall": 0.6752262888626525, "f1-score": 0.6982401656314701, "support": 583}, "weighted avg": {"precision": 0.8121765782979062, "recall": 0.8284734133790738, "f1-score": 0.8141919606234619, "support": 583}, "kappa": 0.40194087113518395}