{"0": {"precision": 0.7431693989071039, "recall": 0.7816091954022989, "f1-score": 0.761904761904762, "support": 348}, "1": {"precision": 0.6497695852534562, "recall": 0.6, "f1-score": 0.6238938053097346, "support": 235}, "micro avg": {"precision": 0.7084048027444254, "recall": 0.7084048027444254, "f1-score": 0.7084048027444254, "support": 583}, "macro avg": {"precision": 0.6964694920802801, "recall": 0.6908045977011494, "f1-score": 0.6928992836072483, "support": 583}, "weighted avg": {"precision": 0.705521103523558, "recall": 0.7084048027444254, "f1-score": 0.7062742733973324, "support": 583}, "kappa": 0.3864145710288127}