{"0": {"precision": 0.3333333333333333, "recall": 0.09045226130653267, "f1-score": 0.1422924901185771, "support": 199}, "1": {"precision": 0.6565464895635673, "recall": 0.9057591623036649, "f1-score": 0.7612761276127612, "support": 382}, "micro avg": {"precision": 0.6265060240963856, "recall": 0.6265060240963856, "f1-score": 0.6265060240963856, "support": 581}, "macro avg": {"precision": 0.4949399114484503, "recall": 0.49810571180509877, "f1-score": 0.4517843088656691, "support": 581}, "weighted avg": {"precision": 0.5458418112678417, "recall": 0.6265060240963856, "f1-score": 0.5492662414486602, "support": 581}, "kappa": -0.004589604863706409}