{"0": {"precision": 0.7261904761904762, "recall": 0.6130653266331658, "f1-score": 0.6648501362397821, "support": 199}, "1": {"precision": 0.8135593220338984, "recall": 0.8795811518324608, "f1-score": 0.8452830188679246, "support": 382}, "micro avg": {"precision": 0.7882960413080895, "recall": 0.7882960413080895, "f1-score": 0.7882960413080895, "support": 581}, "macro avg": {"precision": 0.7698748991121873, "recall": 0.7463232392328133, "f1-score": 0.7550665775538533, "support": 581}, "weighted avg": {"precision": 0.7836343645074938, "recall": 0.7882960413080895, "f1-score": 0.7834824273997656, "support": 581}, "kappa": 0.5117413553971975}