{"0": {"precision": 0.9211009174311927, "recall": 0.974757281553398, "f1-score": 0.9471698113207547, "support": 515}, "1": {"precision": 0.6578947368421053, "recall": 0.36764705882352944, "f1-score": 0.47169811320754723, "support": 68}, "micro avg": {"precision": 0.9039451114922813, "recall": 0.9039451114922813, "f1-score": 0.9039451114922813, "support": 583}, "macro avg": {"precision": 0.7894978271366491, "recall": 0.6712021701884637, "f1-score": 0.709433962264151, "support": 583}, "weighted avg": {"precision": 0.890401054172088, "recall": 0.9039451114922813, "f1-score": 0.8917117058804491, "support": 583}, "kappa": 0.42348578491965394}