{"0": {"precision": 0.8106508875739645, "recall": 0.7873563218390804, "f1-score": 0.7988338192419825, "support": 348}, "1": {"precision": 0.6979591836734694, "recall": 0.7276595744680852, "f1-score": 0.7125000000000001, "support": 235}, "micro avg": {"precision": 0.7632933104631218, "recall": 0.7632933104631218, "f1-score": 0.7632933104631218, "support": 583}, "macro avg": {"precision": 0.754305035623717, "recall": 0.7575079481535828, "f1-score": 0.7556669096209914, "support": 583}, "weighted avg": {"precision": 0.7652262727941767, "recall": 0.7632933104631218, "f1-score": 0.7640337377293481, "support": 583}, "kappa": 0.5114821786386544}