{"0": {"precision": 0.6695842450765864, "recall": 0.8793103448275862, "f1-score": 0.7602484472049689, "support": 348}, "1": {"precision": 0.6666666666666666, "recall": 0.3574468085106383, "f1-score": 0.4653739612188366, "support": 235}, "micro avg": {"precision": 0.6689536878216124, "recall": 0.6689536878216124, "f1-score": 0.6689536878216124, "support": 583}, "macro avg": {"precision": 0.6681254558716265, "recall": 0.6183785766691122, "f1-score": 0.6128112042119027, "support": 583}, "weighted avg": {"precision": 0.6684082057518332, "recall": 0.6689536878216124, "f1-score": 0.6413882341573854, "support": 583}, "kappa": 0.25603829598725225}