{"0": {"precision": 0.3707865168539326, "recall": 0.1658291457286432, "f1-score": 0.22916666666666669, "support": 199}, "1": {"precision": 0.6626016260162602, "recall": 0.8534031413612565, "f1-score": 0.7459954233409609, "support": 382}, "micro avg": {"precision": 0.6179001721170396, "recall": 0.6179001721170396, "f1-score": 0.6179001721170396, "support": 581}, "macro avg": {"precision": 0.5166940714350964, "recall": 0.5096161435449499, "f1-score": 0.48758104500381383, "support": 581}, "weighted avg": {"precision": 0.5626511841517108, "recall": 0.6179001721170396, "f1-score": 0.5689749025523472, "support": 581}, "kappa": 0.02216730095674191}