{"0": {"precision": 0.7882653061224489, "recall": 0.7822784810126582, "f1-score": 0.7852604828462516, "support": 395}, "1": {"precision": 0.5497382198952879, "recall": 0.5585106382978723, "f1-score": 0.5540897097625329, "support": 188}, "micro avg": {"precision": 0.7101200686106347, "recall": 0.7101200686106347, "f1-score": 0.7101200686106347, "support": 583}, "macro avg": {"precision": 0.6690017630088685, "recall": 0.6703945596552652, "f1-score": 0.6696750963043923, "support": 583}, "weighted avg": {"precision": 0.71134748071815, "recall": 0.7101200686106347, "f1-score": 0.7107148476151381, "support": 583}, "kappa": 0.3393701262563614}