{"0": {"precision": 0.732620320855615, "recall": 0.7873563218390804, "f1-score": 0.7590027700831026, "support": 348}, "1": {"precision": 0.645933014354067, "recall": 0.574468085106383, "f1-score": 0.6081081081081082, "support": 235}, "micro avg": {"precision": 0.7015437392795884, "recall": 0.7015437392795884, "f1-score": 0.7015437392795884, "support": 583}, "macro avg": {"precision": 0.689276667604841, "recall": 0.6809122034727317, "f1-score": 0.6835554390956053, "support": 583}, "weighted avg": {"precision": 0.6976777530548195, "recall": 0.7015437392795884, "f1-score": 0.6981790212595629, "support": 583}, "kappa": 0.3684426790850569}