{"0": {"precision": 0.8823529411764706, "recall": 0.9090909090909091, "f1-score": 0.8955223880597014, "support": 462}, "1": {"precision": 0.6074766355140186, "recall": 0.5371900826446281, "f1-score": 0.5701754385964912, "support": 121}, "micro avg": {"precision": 0.8319039451114922, "recall": 0.8319039451114922, "f1-score": 0.8319039451114922, "support": 583}, "macro avg": {"precision": 0.7449147883452446, "recall": 0.7231404958677685, "f1-score": 0.7328489133280963, "support": 583}, "weighted avg": {"precision": 0.8253031418880371, "recall": 0.8319039451114922, "f1-score": 0.8279975494918654, "support": 583}, "kappa": 0.4661870503597122}