{"0": {"precision": 0.5878378378378378, "recall": 0.47540983606557374, "f1-score": 0.525679758308157, "support": 183}, "1": {"precision": 0.7793103448275862, "recall": 0.8475, "f1-score": 0.8119760479041916, "support": 400}, "micro avg": {"precision": 0.7307032590051458, "recall": 0.7307032590051458, "f1-score": 0.7307032590051458, "support": 583}, "macro avg": {"precision": 0.683574091332712, "recall": 0.6614549180327869, "f1-score": 0.6688279031061743, "support": 583}, "weighted avg": {"precision": 0.7192083400606497, "recall": 0.7307032590051458, "f1-score": 0.7221094595747332, "support": 583}, "kappa": 0.34057850941968937}