{"0": {"precision": 0.5958188153310104, "recall": 0.9827586206896551, "f1-score": 0.7418655097613883, "support": 348}, "1": {"precision": 0.3333333333333333, "recall": 0.01276595744680851, "f1-score": 0.024590163934426226, "support": 235}, "micro avg": {"precision": 0.5917667238421955, "recall": 0.5917667238421955, "f1-score": 0.5917667238421955, "support": 583}, "macro avg": {"precision": 0.46457607433217185, "recall": 0.49776228906823183, "f1-score": 0.3832278368479073, "support": 583}, "weighted avg": {"precision": 0.4900142042341766, "recall": 0.5917667238421955, "f1-score": 0.4527407991793367, "support": 583}, "kappa": -0.005303502340206601}