{"0": {"precision": 0.9256505576208178, "recall": 0.9669902912621359, "f1-score": 0.9458689458689458, "support": 515}, "1": {"precision": 0.6222222222222222, "recall": 0.4117647058823529, "f1-score": 0.49557522123893805, "support": 68}, "micro avg": {"precision": 0.902229845626072, "recall": 0.902229845626072, "f1-score": 0.902229845626072, "support": 583}, "macro avg": {"precision": 0.77393638992152, "recall": 0.6893774985722444, "f1-score": 0.7207220835539419, "support": 583}, "weighted avg": {"precision": 0.8902592594954242, "recall": 0.902229845626072, "f1-score": 0.893347550886372, "support": 583}, "kappa": 0.44391639753007917}