{"0": {"precision": 0.8998073217726397, "recall": 0.9377510040160643, "f1-score": 0.9183874139626351, "support": 498}, "1": {"precision": 0.515625, "recall": 0.38823529411764707, "f1-score": 0.4429530201342282, "support": 85}, "micro avg": {"precision": 0.8576329331046312, "recall": 0.8576329331046312, "f1-score": 0.8576329331046312, "support": 583}, "macro avg": {"precision": 0.7077161608863198, "recall": 0.6629931490668557, "f1-score": 0.6806702170484317, "support": 583}, "weighted avg": {"precision": 0.8437944618229408, "recall": 0.8576329331046312, "f1-score": 0.8490702210373957, "support": 583}, "kappa": 0.3631937041862424}