{"0": {"precision": 0.6406926406926406, "recall": 0.8505747126436781, "f1-score": 0.7308641975308642, "support": 348}, "1": {"precision": 0.5702479338842975, "recall": 0.2936170212765957, "f1-score": 0.3876404494382022, "support": 235}, "micro avg": {"precision": 0.6260720411663808, "recall": 0.6260720411663808, "f1-score": 0.6260720411663808, "support": 583}, "macro avg": {"precision": 0.6054702872884691, "recall": 0.5720958669601369, "f1-score": 0.5592523234845332, "support": 583}, "weighted avg": {"precision": 0.6122972614474251, "recall": 0.6260720411663808, "f1-score": 0.592515002330563, "support": 583}, "kappa": 0.15651919988319463}