{"0": {"precision": 0.922365988909427, "recall": 0.9689320388349515, "f1-score": 0.9450757575757577, "support": 515}, "1": {"precision": 0.6190476190476191, "recall": 0.38235294117647056, "f1-score": 0.4727272727272727, "support": 68}, "micro avg": {"precision": 0.9005145797598628, "recall": 0.9005145797598628, "f1-score": 0.9005145797598627, "support": 583}, "macro avg": {"precision": 0.770706803978523, "recall": 0.675642490005711, "f1-score": 0.7089015151515152, "support": 583}, "weighted avg": {"precision": 0.8869875169529896, "recall": 0.9005145797598628, "f1-score": 0.8899819377306514, "support": 583}, "kappa": 0.4211715567119724}