{"0": {"precision": 0.675531914893617, "recall": 0.8273615635179153, "f1-score": 0.7437774524158125, "support": 307}, "1": {"precision": 0.5783132530120482, "recall": 0.5748502994011976, "f1-score": 0.5765765765765766, "support": 167}, "2": {"precision": 0.25, "recall": 0.08695652173913043, "f1-score": 0.12903225806451613, "support": 69}, "3": {"precision": 0.6666666666666666, "recall": 0.22857142857142856, "f1-score": 0.3404255319148936, "support": 35}, "micro avg": {"precision": 0.629757785467128, "recall": 0.629757785467128, "f1-score": 0.629757785467128, "support": 578}, "macro avg": {"precision": 0.5426279586430829, "recall": 0.429434953307418, "f1-score": 0.44745295474294966, "support": 578}, "weighted avg": {"precision": 0.596107170343747, "recall": 0.629757785467128, "f1-score": 0.597657587549162, "support": 578}, "kappa": 0.34503902485517923}