{"0": {"precision": 0.6283924843423799, "recall": 0.8649425287356322, "f1-score": 0.727932285368803, "support": 348}, "1": {"precision": 0.5480769230769231, "recall": 0.2425531914893617, "f1-score": 0.336283185840708, "support": 235}, "micro avg": {"precision": 0.614065180102916, "recall": 0.614065180102916, "f1-score": 0.614065180102916, "support": 583}, "macro avg": {"precision": 0.5882347037096516, "recall": 0.5537478601124969, "f1-score": 0.5321077356047554, "support": 583}, "weighted avg": {"precision": 0.5960182872628219, "recall": 0.614065180102916, "f1-score": 0.5700634373600512, "support": 583}, "kappa": 0.11819275731562207}