{"0": {"precision": 0.8591549295774648, "recall": 0.9242424242424242, "f1-score": 0.8905109489051095, "support": 462}, "1": {"precision": 0.5930232558139535, "recall": 0.4214876033057851, "f1-score": 0.4927536231884058, "support": 121}, "micro avg": {"precision": 0.8198970840480274, "recall": 0.8198970840480274, "f1-score": 0.8198970840480274, "support": 583}, "macro avg": {"precision": 0.7260890926957091, "recall": 0.6728650137741047, "f1-score": 0.6916322860467576, "support": 583}, "weighted avg": {"precision": 0.8039200538906983, "recall": 0.8198970840480274, "f1-score": 0.807957541680888, "support": 583}, "kappa": 0.38704703161141096}