{"0": {"precision": 0.9107505070993914, "recall": 0.9016064257028112, "f1-score": 0.9061553985872856, "support": 498}, "1": {"precision": 0.45555555555555555, "recall": 0.4823529411764706, "f1-score": 0.4685714285714286, "support": 85}, "micro avg": {"precision": 0.8404802744425386, "recall": 0.8404802744425386, "f1-score": 0.8404802744425386, "support": 583}, "macro avg": {"precision": 0.6831530313274735, "recall": 0.6919796834396409, "f1-score": 0.687363413579357, "support": 583}, "weighted avg": {"precision": 0.8443841762568082, "recall": 0.8404802744425386, "f1-score": 0.84235670656096, "support": 583}, "kappa": 0.3748169501297204}