{"0": {"precision": 0.8617234468937875, "recall": 0.9307359307359307, "f1-score": 0.894901144640999, "support": 462}, "1": {"precision": 0.6190476190476191, "recall": 0.4297520661157025, "f1-score": 0.5073170731707317, "support": 121}, "micro avg": {"precision": 0.8267581475128645, "recall": 0.8267581475128645, "f1-score": 0.8267581475128645, "support": 583}, "macro avg": {"precision": 0.7403855329707033, "recall": 0.6802439984258166, "f1-score": 0.7011091089058654, "support": 583}, "weighted avg": {"precision": 0.811356765642696, "recall": 0.8267581475128645, "f1-score": 0.8144591675433964, "support": 583}, "kappa": 0.4063435732505267}