{"0": {"precision": 0.32142857142857145, "recall": 0.09836065573770492, "f1-score": 0.1506276150627615, "support": 183}, "1": {"precision": 0.6869070208728653, "recall": 0.905, "f1-score": 0.7810140237324704, "support": 400}, "micro avg": {"precision": 0.6518010291595198, "recall": 0.6518010291595198, "f1-score": 0.6518010291595198, "support": 583}, "macro avg": {"precision": 0.5041677961507184, "recall": 0.5016803278688524, "f1-score": 0.465820819397616, "support": 583}, "weighted avg": {"precision": 0.5721856550953253, "recall": 0.6518010291595198, "f1-score": 0.5831397307881192, "support": 583}, "kappa": 0.004139985358588394}