{"0": {"precision": 0.23076923076923078, "recall": 0.11475409836065574, "f1-score": 0.1532846715328467, "support": 183}, "1": {"precision": 0.6707317073170732, "recall": 0.825, "f1-score": 0.7399103139013453, "support": 400}, "micro avg": {"precision": 0.6020583190394511, "recall": 0.6020583190394511, "f1-score": 0.6020583190394511, "support": 583}, "macro avg": {"precision": 0.45075046904315197, "recall": 0.46987704918032785, "f1-score": 0.44659749271709603, "support": 583}, "weighted avg": {"precision": 0.5326302781433937, "recall": 0.6020583190394511, "f1-score": 0.5557722477719539, "support": 583}, "kappa": -0.06975861305324416}