{"0": {"precision": 0.7058823529411765, "recall": 0.12060301507537688, "f1-score": 0.20600858369098712, "support": 199}, "1": {"precision": 0.680073126142596, "recall": 0.9738219895287958, "f1-score": 0.8008611410118407, "support": 382}, "micro avg": {"precision": 0.6815834767641996, "recall": 0.6815834767641996, "f1-score": 0.6815834767641996, "support": 581}, "macro avg": {"precision": 0.6929777395418862, "recall": 0.5472125023020864, "f1-score": 0.5034348623514139, "support": 581}, "weighted avg": {"precision": 0.688913119486688, "recall": 0.6815834767641996, "f1-score": 0.5971164613098615, "support": 581}, "kappa": 0.11782569085939876}