{"0": {"precision": 0.6142857142857143, "recall": 0.46994535519125685, "f1-score": 0.5325077399380805, "support": 183}, "1": {"precision": 0.781038374717833, "recall": 0.865, "f1-score": 0.8208778173190985, "support": 400}, "micro avg": {"precision": 0.7409948542024014, "recall": 0.7409948542024014, "f1-score": 0.7409948542024014, "support": 583}, "macro avg": {"precision": 0.6976620445017736, "recall": 0.6674726775956284, "f1-score": 0.6766927786285895, "support": 583}, "weighted avg": {"precision": 0.7286957729012331, "recall": 0.7409948542024014, "f1-score": 0.730360280165194, "support": 583}, "kappa": 0.35774682823979154}