{"0": {"precision": 0.8212996389891697, "recall": 0.9848484848484849, "f1-score": 0.8956692913385826, "support": 462}, "1": {"precision": 0.7586206896551724, "recall": 0.18181818181818182, "f1-score": 0.29333333333333333, "support": 121}, "micro avg": {"precision": 0.8181818181818182, "recall": 0.8181818181818182, "f1-score": 0.8181818181818182, "support": 583}, "macro avg": {"precision": 0.789960164322171, "recall": 0.5833333333333334, "f1-score": 0.5945013123359579, "support": 583}, "weighted avg": {"precision": 0.8082908004481515, "recall": 0.8181818181818182, "f1-score": 0.7706561679790026, "support": 583}, "kappa": 0.2316739606126914}