{"0": {"precision": 0.8828125, "recall": 0.5678391959798995, "f1-score": 0.691131498470948, "support": 199}, "1": {"precision": 0.8101545253863135, "recall": 0.9607329842931938, "f1-score": 0.8790419161676647, "support": 382}, "micro avg": {"precision": 0.8261617900172117, "recall": 0.8261617900172117, "f1-score": 0.8261617900172117, "support": 581}, "macro avg": {"precision": 0.8464835126931567, "recall": 0.7642860901365467, "f1-score": 0.7850867073193064, "support": 581}, "weighted avg": {"precision": 0.8350408196171631, "recall": 0.8261617900172117, "f1-score": 0.8146801724126791, "support": 581}, "kappa": 0.5779650899362068}