{"0": {"precision": 0.6972222222222222, "recall": 0.8175895765472313, "f1-score": 0.752623688155922, "support": 307}, "1": {"precision": 0.5611111111111111, "recall": 0.6047904191616766, "f1-score": 0.5821325648414986, "support": 167}, "2": {"precision": 0.2608695652173913, "recall": 0.08695652173913043, "f1-score": 0.13043478260869565, "support": 69}, "3": {"precision": 0.6, "recall": 0.2571428571428571, "f1-score": 0.36, "support": 35}, "micro avg": {"precision": 0.6349480968858131, "recall": 0.6349480968858131, "f1-score": 0.6349480968858131, "support": 578}, "macro avg": {"precision": 0.5298007246376811, "recall": 0.4416198436477239, "f1-score": 0.456297758901529, "support": 578}, "weighted avg": {"precision": 0.5999183006535947, "recall": 0.6349480968858131, "f1-score": 0.6053142051771597, "support": 578}, "kappa": 0.36278423340578503}