{"0": {"precision": 0.7334710743801653, "recall": 0.8987341772151899, "f1-score": 0.80773606370876, "support": 395}, "1": {"precision": 0.5959595959595959, "recall": 0.31382978723404253, "f1-score": 0.4111498257839721, "support": 188}, "micro avg": {"precision": 0.7101200686106347, "recall": 0.7101200686106347, "f1-score": 0.7101200686106347, "support": 583}, "macro avg": {"precision": 0.6647153351698807, "recall": 0.6062819822246162, "f1-score": 0.6094429447463661, "support": 583}, "weighted avg": {"precision": 0.6891277502925718, "recall": 0.7101200686106347, "f1-score": 0.679848906367662, "support": 583}, "kappa": 0.24266508835714884}