{"0": {"precision": 0.8316831683168316, "recall": 0.4221105527638191, "f1-score": 0.5599999999999999, "support": 199}, "1": {"precision": 0.7604166666666666, "recall": 0.9554973821989529, "f1-score": 0.8468677494199535, "support": 382}, "micro avg": {"precision": 0.7728055077452668, "recall": 0.7728055077452668, "f1-score": 0.7728055077452668, "support": 581}, "macro avg": {"precision": 0.7960499174917491, "recall": 0.688803967481386, "f1-score": 0.7034338747099766, "support": 581}, "weighted avg": {"precision": 0.7848263634452944, "recall": 0.7728055077452668, "f1-score": 0.7486118421315356, "support": 581}, "kappa": 0.4281069633562512}