{"0": {"precision": 0.6788830715532286, "recall": 0.9848101265822785, "f1-score": 0.8037190082644629, "support": 395}, "1": {"precision": 0.4, "recall": 0.02127659574468085, "f1-score": 0.04040404040404041, "support": 188}, "micro avg": {"precision": 0.6740994854202401, "recall": 0.6740994854202401, "f1-score": 0.6740994854202401, "support": 583}, "macro avg": {"precision": 0.5394415357766142, "recall": 0.5030433611634797, "f1-score": 0.42206152433425165, "support": 583}, "weighted avg": {"precision": 0.5889516522530451, "recall": 0.6740994854202401, "f1-score": 0.5575728436713935, "support": 583}, "kappa": 0.008094990776725153}