{"0": {"precision": 0.6966292134831461, "recall": 0.8078175895765473, "f1-score": 0.7481146304675717, "support": 307}, "1": {"precision": 0.5339805825242718, "recall": 0.6586826347305389, "f1-score": 0.5898123324396782, "support": 167}, "2": {"precision": 0.375, "recall": 0.08695652173913043, "f1-score": 0.1411764705882353, "support": 69}, "3": {"precision": 0.0, "recall": 0.0, "f1-score": 0.0, "support": 35}, "micro avg": {"precision": 0.629757785467128, "recall": 0.629757785467128, "f1-score": 0.629757785467128, "support": 578}, "macro avg": {"precision": 0.4014024490018545, "recall": 0.38836418651155413, "f1-score": 0.3697758583738713, "support": 578}, "weighted avg": {"precision": 0.5690569650880264, "recall": 0.629757785467128, "f1-score": 0.584621154916192, "support": 578}, "kappa": 0.34653381655272975}